AUTHOR:D:94A:UN::;Authorization message;UNH;M;1;SG1;M;1;SG2;M;2;SG3;C;5;SG4;C;2;SG5;C;1;UNT;M;1
AUTHOR:D:94A:UN::SG1;SG01;BGM;M;1;DTM;C;1
AUTHOR:D:94A:UN::SG2;SG02;RFF;M;1;MOA;C;1;DTM;C;2
AUTHOR:D:94A:UN::SG3;SG03;NAD;M;1;CTA;C;1;COM;C;5
AUTHOR:D:94A:UN::SG4;SG04;FII;M;1;CTA;C;1;COM;C;5
AUTHOR:D:94A:UN::SG5;SG05;AUT;M;1;DTM;C;1
BANSTA:D:94A:UN::;Banking status message;UNH;M;1;SG1;M;1;SG2;M;2;SG3;C;5;SG4;C;99;SG8;C;1;UNT;M;1
BANSTA:D:94A:UN::SG1;SG01;BGM;M;1;DTM;M;1
BANSTA:D:94A:UN::SG2;SG02;RFF;M;1;DTM;C;1
BANSTA:D:94A:UN::SG3;SG03;NAD;M;1;CTA;C;1;COM;C;5
BANSTA:D:94A:UN::SG4;SG04;SEQ;M;1;SG5;M;5;SG6;C;1
BANSTA:D:94A:UN::SG5;SG05;RFF;M;1;DTM;C;1
BANSTA:D:94A:UN::SG6;SG06;GIS;M;1;DTM;C;1;SG7;C;99
BANSTA:D:94A:UN::SG7;SG07;ERC;M;1;FTX;C;5;DOC;C;5
BANSTA:D:94A:UN::SG8;SG08;AUT;M;1;DTM;C;1
BAPLIE:D:94A:UN::;Bayplan/stowage plan occupied and empty locations message;UNH;M;1;BGM;M;1;DTM;M;1;RFF;C;1;NAD;C;3;SG1;M;3;SG2;C;9999;UNT;M;1
BAPLIE:D:94A:UN::SG1;SG01;TDT;M;1;LOC;M;1;DTM;M;99;RFF;C;1;FTX;C;1
BAPLIE:D:94A:UN::SG2;SG02;LOC;M;1;GID;C;1;GDS;C;1;FTX;C;9;MEA;M;9;DIM;C;9;TMP;C;1;RNG;C;1;LOC;C;9;RFF;M;1;SG3;C;3;SG4;C;999
BAPLIE:D:94A:UN::SG3;SG03;EQD;M;1;EQA;C;9;NAD;C;1
BAPLIE:D:94A:UN::SG4;SG04;DGS;M;1;FTX;C;1
BAPLTE:D:94A:UN::;Bayplan/stowage plan total numbers message;UNH;M;1;BGM;M;1;DTM;M;1;RFF;C;1;NAD;C;3;SG1;M;3;SG2;C;999;UNT;M;1
BAPLTE:D:94A:UN::SG1;SG01;TDT;M;1;LOC;M;1;DTM;M;99;RFF;C;1;FTX;C;1
BAPLTE:D:94A:UN::SG2;SG02;LOC;M;1;GID;C;1;SG3;C;9999
BAPLTE:D:94A:UN::SG3;SG03;EQD;M;1;EQN;C;1
COMDIS:D:94A:UN::;Commercial dispute message;UNH;M;1;BGM;M;1;RFF;C;9;DTM;C;9;SG1;C;99;SG2;C;9999;UNT;M;1
COMDIS:D:94A:UN::SG1;SG01;NAD;M;1;CTA;C;1;COM;C;5
COMDIS:D:94A:UN::SG2;SG02;DOC;M;1;DTM;C;9;MOA;C;2;SG3;C;9;SG4;C;9;SG5;C;9999
COMDIS:D:94A:UN::SG3;SG03;AJT;M;1;FTX;C;9
COMDIS:D:94A:UN::SG4;SG04;INP;M;1;FTX;C;9
COMDIS:D:94A:UN::SG5;SG05;DLI;M;1;MOA;C;2;SG6;C;9
COMDIS:D:94A:UN::SG6;SG06;AJT;M;1;FTX;C;9
CONAPW:D:94A:UN::;Advice on pending works message;UNH;M;1;BGM;M;1;RFF;M;9;DTM;M;9;SG1;M;3;LOC;M;99;FTX;M;99;DOC;C;9;CNT;C;5;AUT;C;1;UNT;M;1
CONAPW:D:94A:UN::SG1;SG01;NAD;M;1;SG2;C;2
CONAPW:D:94A:UN::SG2;SG02;CTA;M;1;COM;C;3
CONDPV:D:94A:UN::;Direct payment valuation message;UNH;M;1;BGM;M;1;DTM;M;9;AUT;C;2;FTX;C;5;SG1;C;9;SG2;M;9;SG6;C;5;SG7;C;100;SG8;C;1000;UNT;M;1
CONDPV:D:94A:UN::SG1;SG01;RFF;M;1;DTM;C;5
CONDPV:D:94A:UN::SG10;SG10;ARD;M;1;MOA;M;6;FTX;C;10;SG11;C;5
CONDPV:D:94A:UN::SG11;SG11;TAX;M;1;MOA;C;1;LOC;C;5
CONDPV:D:94A:UN::SG12;SG12;NAD;M;1;LOC;C;25;FII;C;5;SG13;C;10;SG14;C;5;SG15;C;5
CONDPV:D:94A:UN::SG13;SG13;RFF;M;1;DTM;C;5
CONDPV:D:94A:UN::SG14;SG14;DOC;M;1;DTM;C;5
CONDPV:D:94A:UN::SG15;SG15;CTA;M;1;COM;C;5
CONDPV:D:94A:UN::SG2;SG02;NAD;M;1;LOC;C;25;FII;C;5;SG3;C;10;SG4;C;5;SG5;C;5
CONDPV:D:94A:UN::SG3;SG03;RFF;M;1;DTM;C;5
CONDPV:D:94A:UN::SG4;SG04;DOC;M;1;DTM;C;5
CONDPV:D:94A:UN::SG5;SG05;CTA;M;1;COM;C;5
CONDPV:D:94A:UN::SG6;SG06;CUX;M;1;DTM;C;5
CONDPV:D:94A:UN::SG7;SG07;IND;M;1;RFF;M;1;DTM;C;1
CONDPV:D:94A:UN::SG8;SG08;BII;M;1;RCS;C;1;PAI;C;1;PAT;C;1;SG9;C;2;SG10;M;100;SG12;C;20
CONDPV:D:94A:UN::SG9;SG09;API;M;1;DTM;C;5
CONEST:D:94A:UN::;Establishment of contract message;UNH;M;1;BGM;M;1;RFF;M;1;DTM;M;1;AUT;C;2;AGR;C;2;SG1;C;1000;SG4;C;1000;UNS;M;1;SG22;M;1000;CNT;C;10;UNT;M;1
CONEST:D:94A:UN::SG1;SG01;IND;M;1;RCS;M;1;SG2;M;1
CONEST:D:94A:UN::SG10;SG10;ARD;M;1;MOA;M;6;FTX;C;10;SG11;C;5;SG12;C;15
CONEST:D:94A:UN::SG11;SG11;TAX;M;1;MOA;C;1;LOC;C;5
CONEST:D:94A:UN::SG12;SG12;ALC;M;1;ALI;C;5;SG13;C;1;SG14;C;1;SG15;C;1;SG16;C;1;SG17;C;5
CONEST:D:94A:UN::SG13;SG13;QTY;M;1;RNG;C;1
CONEST:D:94A:UN::SG14;SG14;PCD;M;1;RNG;C;1
CONEST:D:94A:UN::SG15;SG15;MOA;M;1;RNG;C;1
CONEST:D:94A:UN::SG16;SG16;RTE;M;1;RNG;C;1
CONEST:D:94A:UN::SG17;SG17;TAX;M;1;MOA;C;1
CONEST:D:94A:UN::SG18;SG18;NAD;M;1;LOC;C;25;FII;C;9;FTX;C;5;SG19;C;5;SG20;C;5;SG21;C;5
CONEST:D:94A:UN::SG19;SG19;RFF;M;1;DTM;C;5
CONEST:D:94A:UN::SG2;SG02;GIS;M;1;SG3;M;1
CONEST:D:94A:UN::SG20;SG20;DOC;M;1;DTM;C;5
CONEST:D:94A:UN::SG21;SG21;CTA;M;1;COM;C;5
CONEST:D:94A:UN::SG22;SG22;BII;M;1;RCS;M;1;GIS;M;10;SG23;C;10;SG24;C;100;SG25;C;100;SG27;M;1000;SG30;C;5;SG31;C;5;SG32;C;2;SG34;C;9
CONEST:D:94A:UN::SG23;SG23;RFF;M;1;DTM;C;1
CONEST:D:94A:UN::SG24;SG24;DIM;M;1;API;C;1;FTX;C;1
CONEST:D:94A:UN::SG25;SG25;LIN;M;1;SG26;C;1000
CONEST:D:94A:UN::SG26;SG26;IMD;M;1;RFF;C;5;GIS;C;5
CONEST:D:94A:UN::SG27;SG27;QTY;M;1;GIS;C;3;API;C;1;SG28;C;3
CONEST:D:94A:UN::SG28;SG28;PRI;M;1;GIS;M;3;SG29;C;2
CONEST:D:94A:UN::SG29;SG29;ARD;M;1;MOA;C;1
CONEST:D:94A:UN::SG3;SG03;BII;M;1;IMD;M;9
CONEST:D:94A:UN::SG30;SG30;TAX;M;1;MOA;C;1;LOC;C;5
CONEST:D:94A:UN::SG31;SG31;BII;M;1;GIS;M;1
CONEST:D:94A:UN::SG32;SG32;ALC;M;1;RFF;C;1;DTM;C;1;RNG;C;1;FTX;C;10;SG33;C;20
CONEST:D:94A:UN::SG33;SG33;PCD;M;1;RFF;C;1
CONEST:D:94A:UN::SG34;SG34;IMD;M;1;QTY;C;1;MOA;C;1;PRI;C;1
CONEST:D:94A:UN::SG4;SG04;BII;M;1;RCS;M;1;GIS;M;10;NAD;C;1;LOC;C;1;API;C;1;ALI;C;2;QTY;C;5;DTM;C;10;RTE;C;9;SG5;C;10;SG6;C;5;SG7;C;2;SG9;C;100;SG10;M;100;SG18;C;20
CONEST:D:94A:UN::SG5;SG05;RFF;M;1;DTM;C;2;GIS;C;5;FTX;C;5
CONEST:D:94A:UN::SG6;SG06;CUX;M;1;DTM;C;5;FTX;C;1
CONEST:D:94A:UN::SG7;SG07;ALC;M;1;RFF;C;1;DTM;C;1;RNG;C;1;FTX;C;10;SG8;C;20
CONEST:D:94A:UN::SG8;SG08;PCD;M;1;RFF;C;1
CONEST:D:94A:UN::SG9;SG09;RCS;M;1;BII;M;1;FTX;C;9
CONITT:D:94A:UN::;Invitation to tender message;UNH;M;1;BGM;M;1;RFF;M;1;DTM;M;1;AUT;C;2;AGR;C;2;SG1;C;1000;SG4;C;1000;UNS;M;1;SG22;M;1000;CNT;C;10;UNT;M;1
CONITT:D:94A:UN::SG1;SG01;IND;M;1;RCS;M;1;SG2;M;1
CONITT:D:94A:UN::SG10;SG10;ARD;M;1;MOA;M;6;FTX;C;10;SG11;C;5;SG12;C;15
CONITT:D:94A:UN::SG11;SG11;TAX;M;1;MOA;C;1;LOC;C;5
CONITT:D:94A:UN::SG12;SG12;ALC;M;1;ALI;C;5;SG13;C;1;SG14;C;1;SG15;C;1;SG16;C;1;SG17;C;5
CONITT:D:94A:UN::SG13;SG13;QTY;M;1;RNG;C;1
CONITT:D:94A:UN::SG14;SG14;PCD;M;1;RNG;C;1
CONITT:D:94A:UN::SG15;SG15;MOA;M;1;RNG;C;1
CONITT:D:94A:UN::SG16;SG16;RTE;M;1;RNG;C;1
CONITT:D:94A:UN::SG17;SG17;TAX;M;1;MOA;C;1
CONITT:D:94A:UN::SG18;SG18;NAD;M;1;LOC;C;25;FII;C;9;FTX;C;5;SG19;C;5;SG20;C;5;SG21;C;5
CONITT:D:94A:UN::SG19;SG19;RFF;M;1;DTM;C;5
CONITT:D:94A:UN::SG2;SG02;GIS;M;1;SG3;M;1
CONITT:D:94A:UN::SG20;SG20;DOC;M;1;DTM;C;5
CONITT:D:94A:UN::SG21;SG21;CTA;M;1;COM;C;5
CONITT:D:94A:UN::SG22;SG22;BII;M;1;RCS;M;1;GIS;M;10;SG23;C;10;SG24;C;100;SG25;C;100;SG27;M;1000;SG30;C;5;SG31;C;5;SG32;C;2;SG34;C;9
CONITT:D:94A:UN::SG23;SG23;RFF;M;1;DTM;C;1
CONITT:D:94A:UN::SG24;SG24;DIM;M;1;API;C;1;FTX;C;1
CONITT:D:94A:UN::SG25;SG25;LIN;M;1;SG26;C;1000
CONITT:D:94A:UN::SG26;SG26;IMD;M;1;RFF;C;5;GIS;C;5
CONITT:D:94A:UN::SG27;SG27;QTY;M;1;GIS;C;3;API;C;1;SG28;C;3
CONITT:D:94A:UN::SG28;SG28;PRI;M;1;GIS;M;3;SG29;C;2
CONITT:D:94A:UN::SG29;SG29;ARD;M;1;MOA;C;1
CONITT:D:94A:UN::SG3;SG03;BII;M;1;IMD;M;9
CONITT:D:94A:UN::SG30;SG30;TAX;M;1;MOA;C;1;LOC;C;5
CONITT:D:94A:UN::SG31;SG31;BII;M;1;GIS;M;1
CONITT:D:94A:UN::SG32;SG32;ALC;M;1;RFF;C;1;DTM;C;1;RNG;C;1;FTX;C;10;SG33;C;20
CONITT:D:94A:UN::SG33;SG33;PCD;M;1;RFF;C;1
CONITT:D:94A:UN::SG34;SG34;IMD;M;1;QTY;C;1;MOA;C;1;PRI;C;1
CONITT:D:94A:UN::SG4;SG04;BII;M;1;RCS;M;1;GIS;M;10;NAD;C;1;LOC;C;1;API;C;1;ALI;C;2;QTY;C;5;DTM;C;10;RTE;C;9;SG5;C;10;SG6;C;5;SG7;C;2;SG9;C;100;SG10;M;100;SG18;C;20
CONITT:D:94A:UN::SG5;SG05;RFF;M;1;DTM;C;2;GIS;C;5;FTX;C;5
CONITT:D:94A:UN::SG6;SG06;CUX;M;1;DTM;C;5;FTX;C;1
CONITT:D:94A:UN::SG7;SG07;ALC;M;1;RFF;C;1;DTM;C;1;RNG;C;1;FTX;C;10;SG8;C;20
CONITT:D:94A:UN::SG8;SG08;PCD;M;1;RFF;C;1
CONITT:D:94A:UN::SG9;SG09;RCS;M;1;BII;M;1;FTX;C;9
CONPVA:D:94A:UN::;Payment valuation message;UNH;M;1;BGM;M;1;DTM;M;9;AUT;C;2;FTX;C;5;SG1;C;9;SG2;M;9;SG6;C;5;SG7;C;100;SG8;C;1000;UNS;M;1;SG22;M;9999;UNS;M;1;SG33;C;10;CNT;C;5;UNT;M;1
CONPVA:D:94A:UN::SG1;SG01;RFF;M;1;DTM;C;5
CONPVA:D:94A:UN::SG10;SG10;ARD;M;1;MOA;M;6;FTX;C;10;SG11;C;5;SG12;C;20
CONPVA:D:94A:UN::SG11;SG11;TAX;M;1;MOA;C;1;LOC;C;5
CONPVA:D:94A:UN::SG12;SG12;ALC;M;1;ALI;C;5;SG13;C;1;SG14;C;1;SG15;C;1;SG16;C;1;SG17;C;1
CONPVA:D:94A:UN::SG13;SG13;QTY;M;1;RNG;C;1
CONPVA:D:94A:UN::SG14;SG14;PCD;M;1;RNG;C;1
CONPVA:D:94A:UN::SG15;SG15;MOA;M;1;RNG;C;1
CONPVA:D:94A:UN::SG16;SG16;RTE;M;1;RNG;C;1
CONPVA:D:94A:UN::SG17;SG17;TAX;M;1;MOA;C;1
CONPVA:D:94A:UN::SG18;SG18;NAD;M;1;LOC;C;25;FII;C;5;SG19;C;10;SG20;C;5;SG21;C;5
CONPVA:D:94A:UN::SG19;SG19;RFF;M;1;DTM;C;5
CONPVA:D:94A:UN::SG2;SG02;NAD;M;1;LOC;C;25;FII;C;5;SG3;C;10;SG4;C;5;SG5;C;5
CONPVA:D:94A:UN::SG20;SG20;DOC;M;1;DTM;C;5
CONPVA:D:94A:UN::SG21;SG21;CTA;M;1;COM;C;5
CONPVA:D:94A:UN::SG22;SG22;BII;M;1;RCS;C;1;QTY;M;6;PRI;C;1;MOA;M;6;SG23;M;100;SG25;C;2;SG26;C;5;SG27;C;20
CONPVA:D:94A:UN::SG23;SG23;LIN;M;1;SG24;C;1000
CONPVA:D:94A:UN::SG24;SG24;IMD;M;1;RFF;C;5;GIS;C;5
CONPVA:D:94A:UN::SG25;SG25;API;M;1;DTM;C;5
CONPVA:D:94A:UN::SG26;SG26;TAX;M;1;MOA;C;1;LOC;C;5
CONPVA:D:94A:UN::SG27;SG27;ALC;M;1;ALI;C;1;SG28;C;1;SG29;C;1;SG30;C;1;SG31;C;1;SG32;C;1
CONPVA:D:94A:UN::SG28;SG28;QTY;M;1;RNG;C;1
CONPVA:D:94A:UN::SG29;SG29;PCD;M;1;RNG;C;1
CONPVA:D:94A:UN::SG3;SG03;RFF;M;1;DTM;C;5
CONPVA:D:94A:UN::SG30;SG30;MOA;M;1;RNG;C;1
CONPVA:D:94A:UN::SG31;SG31;RTE;M;1;RNG;C;1
CONPVA:D:94A:UN::SG32;SG32;TAX;M;1;MOA;C;1
CONPVA:D:94A:UN::SG33;SG33;TAX;M;1;MOA;C;2
CONPVA:D:94A:UN::SG4;SG04;DOC;M;1;DTM;C;5
CONPVA:D:94A:UN::SG5;SG05;CTA;M;1;COM;C;5
CONPVA:D:94A:UN::SG6;SG06;CUX;M;1;DTM;C;5
CONPVA:D:94A:UN::SG7;SG07;IND;M;1;RFF;M;1;DTM;C;1
CONPVA:D:94A:UN::SG8;SG08;BII;M;1;RCS;C;1;PAI;C;1;PAT;C;1;SG9;C;2;SG10;M;100;SG18;C;20
CONPVA:D:94A:UN::SG9;SG09;API;M;1;DTM;C;5
CONQVA:D:94A:UN::;Quantity valuation message;UNH;M;1;BGM;M;1;DTM;M;9;AUT;C;2;FTX;C;5;SG1;C;9;SG2;M;9;SG6;C;100000;CNT;C;5;UNT;M;1
CONQVA:D:94A:UN::SG1;SG01;RFF;M;1;DTM;C;5
CONQVA:D:94A:UN::SG2;SG02;NAD;M;1;LOC;C;25;FII;C;5;SG3;C;10;SG4;C;5;SG5;C;5
CONQVA:D:94A:UN::SG3;SG03;RFF;M;1;DTM;C;5
CONQVA:D:94A:UN::SG4;SG04;DOC;M;1;DTM;C;5
CONQVA:D:94A:UN::SG5;SG05;CTA;M;1;COM;C;5
CONQVA:D:94A:UN::SG6;SG06;BII;M;1;RCS;C;1;QTY;M;6;PRI;C;1;SG7;M;100;SG9;C;5
CONQVA:D:94A:UN::SG7;SG07;LIN;M;1;SG8;C;1000
CONQVA:D:94A:UN::SG8;SG08;IMD;M;1;RFF;C;5;GIS;C;5
CONQVA:D:94A:UN::SG9;SG09;TAX;M;1;MOA;C;1;LOC;C;5
CONRPW:D:94A:UN::;Response of pending works message;UNH;M;1;BGM;M;1;RFF;M;9;DTM;M;9;SG1;M;3;LOC;M;99;FTX;M;99;DOC;C;9;CNT;C;5;AUT;C;1;UNT;M;1
CONRPW:D:94A:UN::SG1;SG01;NAD;M;1;SG2;C;2
CONRPW:D:94A:UN::SG2;SG02;CTA;M;1;COM;C;3
CONTEN:D:94A:UN::;Tender message;UNH;M;1;BGM;M;1;RFF;M;1;DTM;M;1;AUT;C;2;AGR;C;2;SG1;C;1000;SG4;C;1000;UNS;M;1;SG22;M;1000;CNT;C;10;UNT;M;1
CONTEN:D:94A:UN::SG1;SG01;IND;M;1;RCS;M;1;SG2;M;1
CONTEN:D:94A:UN::SG10;SG10;ARD;M;1;MOA;M;6;FTX;C;10;SG11;C;5;SG12;C;15
CONTEN:D:94A:UN::SG11;SG11;TAX;M;1;MOA;C;1;LOC;C;5
CONTEN:D:94A:UN::SG12;SG12;ALC;M;1;ALI;C;5;SG13;C;1;SG14;C;1;SG15;C;1;SG16;C;1;SG17;C;5
CONTEN:D:94A:UN::SG13;SG13;QTY;M;1;RNG;C;1
CONTEN:D:94A:UN::SG14;SG14;PCD;M;1;RNG;C;1
CONTEN:D:94A:UN::SG15;SG15;MOA;M;1;RNG;C;1
CONTEN:D:94A:UN::SG16;SG16;RTE;M;1;RNG;C;1
CONTEN:D:94A:UN::SG17;SG17;TAX;M;1;MOA;C;1
CONTEN:D:94A:UN::SG18;SG18;NAD;M;1;LOC;C;25;FII;C;9;FTX;C;5;SG19;C;5;SG20;C;5;SG21;C;5
CONTEN:D:94A:UN::SG19;SG19;RFF;M;1;DTM;C;5
CONTEN:D:94A:UN::SG2;SG02;GIS;M;1;SG3;M;1
CONTEN:D:94A:UN::SG20;SG20;DOC;M;1;DTM;C;5
CONTEN:D:94A:UN::SG21;SG21;CTA;M;1;COM;C;5
CONTEN:D:94A:UN::SG22;SG22;BII;M;1;RCS;M;1;GIS;M;10;SG23;C;10;SG24;C;100;SG25;C;100;SG27;M;1000;SG30;C;5;SG31;C;5;SG32;C;2;SG34;C;9
CONTEN:D:94A:UN::SG23;SG23;RFF;M;1;DTM;C;1
CONTEN:D:94A:UN::SG24;SG24;DIM;M;1;API;C;1;FTX;C;1
CONTEN:D:94A:UN::SG25;SG25;LIN;M;1;SG26;C;1000
CONTEN:D:94A:UN::SG26;SG26;IMD;M;1;RFF;C;5;GIS;C;5
CONTEN:D:94A:UN::SG27;SG27;QTY;M;1;GIS;C;3;API;C;1;SG28;C;3
CONTEN:D:94A:UN::SG28;SG28;PRI;M;1;GIS;M;3;SG29;C;2
CONTEN:D:94A:UN::SG29;SG29;ARD;M;1;MOA;C;1
CONTEN:D:94A:UN::SG3;SG03;BII;M;1;IMD;M;9
CONTEN:D:94A:UN::SG30;SG30;TAX;M;1;MOA;C;1;LOC;C;5
CONTEN:D:94A:UN::SG31;SG31;BII;M;1;GIS;M;1
CONTEN:D:94A:UN::SG32;SG32;ALC;M;1;RFF;C;1;DTM;C;1;RNG;C;1;FTX;C;10;SG33;C;20
CONTEN:D:94A:UN::SG33;SG33;PCD;M;1;RFF;C;1
CONTEN:D:94A:UN::SG34;SG34;IMD;M;1;QTY;C;1;MOA;C;1;PRI;C;1
CONTEN:D:94A:UN::SG4;SG04;BII;M;1;RCS;M;1;GIS;M;10;NAD;C;1;LOC;C;1;API;C;1;ALI;C;2;QTY;C;5;DTM;C;10;RTE;C;9;SG5;C;10;SG6;C;5;SG7;C;2;SG9;C;100;SG10;M;100;SG18;C;20
CONTEN:D:94A:UN::SG5;SG05;RFF;M;1;DTM;C;2;GIS;C;5;FTX;C;5
CONTEN:D:94A:UN::SG6;SG06;CUX;M;1;DTM;C;5;FTX;C;1
CONTEN:D:94A:UN::SG7;SG07;ALC;M;1;RFF;C;1;DTM;C;1;RNG;C;1;FTX;C;10;SG8;C;20
CONTEN:D:94A:UN::SG8;SG08;PCD;M;1;RFF;C;1
CONTEN:D:94A:UN::SG9;SG09;RCS;M;1;BII;M;1;FTX;C;9
CONWQD:D:94A:UN::;Work item quantity determination message;UNH;M;1;BGM;M;1;DTM;C;2;AUT;C;2;FTX;C;5;SG1;C;10;SG2;C;10;SG6;M;9999;UNT;M;1
CONWQD:D:94A:UN::SG1;SG01;RFF;M;1;DTM;C;5
CONWQD:D:94A:UN::SG2;SG02;NAD;M;1;LOC;C;99;FII;C;5;SG3;C;10;SG4;C;5;SG5;C;5
CONWQD:D:94A:UN::SG3;SG03;RFF;M;1;DTM;C;5
CONWQD:D:94A:UN::SG4;SG04;DOC;M;1;DTM;C;5
CONWQD:D:94A:UN::SG5;SG05;CTA;M;1;COM;C;5
CONWQD:D:94A:UN::SG6;SG06;BII;M;1;QTY;C;3;SG7;C;99;SG8;C;999
CONWQD:D:94A:UN::SG7;SG07;RFF;M;1;FTX;C;1;DTM;C;1
CONWQD:D:94A:UN::SG8;SG08;LIN;M;1;GIS;M;1;FTX;C;1;SG9;C;10
CONWQD:D:94A:UN::SG9;SG09;QTY;M;1;GIS;C;1;RFF;C;1;FTX;C;1
CREADV:D:94A:UN::;Credit advice message;UNH;M;1;BGM;M;1;DTM;M;7;BUS;C;1;SG1;C;3;FTX;C;1;SG2;M;4;SG3;M;4;SG4;C;6;SG5;C;2;SG6;C;5;SG9;C;10;SG10;C;2;SG11;C;1;UNT;M;1
CREADV:D:94A:UN::SG1;SG01;RFF;M;1;DTM;C;1
CREADV:D:94A:UN::SG10;SG10;GIS;M;1;NAD;M;1;FTX;M;6
CREADV:D:94A:UN::SG11;SG11;AUT;M;1;DTM;C;1
CREADV:D:94A:UN::SG2;SG02;MOA;M;1;CUX;C;1;DTM;C;2;RFF;C;1
CREADV:D:94A:UN::SG3;SG03;FII;M;1;CTA;C;1;COM;C;5
CREADV:D:94A:UN::SG4;SG04;NAD;M;1;CTA;C;1;COM;C;5
CREADV:D:94A:UN::SG5;SG05;INP;M;1;FTX;C;1;DTM;C;3
CREADV:D:94A:UN::SG6;SG06;FCA;M;1;MOA;C;2;SG7;M;20
CREADV:D:94A:UN::SG7;SG07;ALC;M;1;PCD;C;1;MOA;C;2;CUX;C;1;DTM;C;2;SG8;C;5
CREADV:D:94A:UN::SG8;SG08;TAX;M;1;MOA;C;2;CUX;C;1;DTM;C;1
CREADV:D:94A:UN::SG9;SG09;DOC;M;1;DTM;C;1
CREEXT:D:94A:UN::;Extended credit advice message;UNH;M;1;BGM;M;1;DTM;M;7;BUS;C;1;SG1;C;3;FTX;C;5;SG2;M;4;SG3;M;4;SG4;C;6;SG5;C;2;SG6;C;5;SG9;C;9999;UNS;M;1;MOA;C;5;SG15;C;2;SG16;C;1;UNT;M;1
CREEXT:D:94A:UN::SG1;SG01;RFF;M;1;DTM;C;1
CREEXT:D:94A:UN::SG10;SG10;CUX;M;1;DTM;C;1
CREEXT:D:94A:UN::SG11;SG11;AJT;M;1;MOA;C;1;RFF;C;1
CREEXT:D:94A:UN::SG12;SG12;DLI;M;1;MOA;C;5;PIA;C;5;DTM;C;5;SG13;C;5;SG14;C;10
CREEXT:D:94A:UN::SG13;SG13;CUX;M;1;DTM;C;1
CREEXT:D:94A:UN::SG14;SG14;AJT;M;1;MOA;C;1;RFF;C;1
CREEXT:D:94A:UN::SG15;SG15;GIS;M;1;NAD;M;1;FTX;M;6
CREEXT:D:94A:UN::SG16;SG16;AUT;M;1;DTM;C;1
CREEXT:D:94A:UN::SG2;SG02;MOA;M;1;CUX;C;1;DTM;C;2;RFF;C;1
CREEXT:D:94A:UN::SG3;SG03;FII;M;1;CTA;C;1;COM;C;5
CREEXT:D:94A:UN::SG4;SG04;NAD;M;1;CTA;C;1;COM;C;5
CREEXT:D:94A:UN::SG5;SG05;INP;M;1;FTX;C;1;DTM;C;3
CREEXT:D:94A:UN::SG6;SG06;FCA;M;1;MOA;C;2;SG7;M;20
CREEXT:D:94A:UN::SG7;SG07;ALC;M;1;PCD;C;1;MOA;C;2;CUX;C;1;DTM;C;2;SG8;C;5
CREEXT:D:94A:UN::SG8;SG08;TAX;M;1;MOA;C;2;CUX;C;1;DTM;C;1
CREEXT:D:94A:UN::SG9;SG09;DOC;M;1;MOA;M;5;DTM;C;5;RFF;C;5;NAD;C;2;SG10;C;5;SG11;C;100;SG12;C;9999
CUSCAR:D:94A:UN::;Customs cargo report message;BGM;M;1;DTM;C;3;MOA;C;9;FTX;C;9;LOC;C;99;GIS;C;9;SG1;C;1;SG2;C;99;SG3;C;9;SG5;C;9;SG6;C;99;SG9;C;99;SG14;C;999;CNT;C;5;SG16;C;1
CUSCAR:D:94A:UN::SG1;SG01;CUX;M;1;DTM;C;1
CUSCAR:D:94A:UN::SG10;SG10;RFF;M;1;DTM;C;1
CUSCAR:D:94A:UN::SG11;SG11;PCI;M;1;RFF;C;1;DTM;C;1
CUSCAR:D:94A:UN::SG12;SG12;QTY;M;1;FTX;C;1
CUSCAR:D:94A:UN::SG13;SG13;GIS;M;1;DOC;C;9
CUSCAR:D:94A:UN::SG14;SG14;EQD;M;1;MEA;C;9;DIM;C;9;SEL;C;9;NAD;C;9;GIS;C;9;SG15;C;1
CUSCAR:D:94A:UN::SG15;SG15;TMP;M;1;RNG;C;1
CUSCAR:D:94A:UN::SG16;SG16;AUT;M;1;DTM;C;1
CUSCAR:D:94A:UN::SG2;SG02;RFF;M;1;DTM;C;9
CUSCAR:D:94A:UN::SG3;SG03;CPI;M;1;SG4;C;1
CUSCAR:D:94A:UN::SG4;SG04;CUX;M;1;DTM;C;1
CUSCAR:D:94A:UN::SG5;SG05;TDT;M;1;TPL;C;1;RFF;C;9;LOC;C;9;DTM;C;9
CUSCAR:D:94A:UN::SG6;SG06;NAD;M;1;SG7;C;9;SG8;C;9
CUSCAR:D:94A:UN::SG7;SG07;CTA;M;1;COM;C;5
CUSCAR:D:94A:UN::SG8;SG08;RFF;M;1;DTM;C;1
CUSCAR:D:94A:UN::SG9;SG09;GID;M;1;PAC;C;3;HAN;C;5;FTX;C;9;MEA;C;99;SGP;C;99;DGS;C;9;SG10;C;9;SG11;C;9;SG12;C;2;SG13;C;9
CUSDEC:D:94A:UN::;Customs declaration message;UNH;M;1;BGM;M;1;CST;C;1;LOC;C;99;DTM;C;15;GIS;C;25;FII;C;1;MEA;C;5;EQD;C;999;SEL;C;999;SG1;C;99;SG4;C;5;SG5;C;10;SG6;C;10;SG7;C;1;SG8;C;25;UNS;M;1;SG10;C;999;SG30;C;9999;UNS;M;1;CNT;C;5;SG49;C;50;SG50;C;1;UNT;M;1
CUSDEC:D:94A:UN::SG1;SG01;RFF;M;1;DTM;C;1;SG2;C;10
CUSDEC:D:94A:UN::SG10;SG10;DMS;M;1;DTM;C;1;MEA;C;5;SG11;C;25;SG13;C;1;SG14;C;10;SG16;C;10;SG18;C;5;SG19;C;10;SG21;C;9999
CUSDEC:D:94A:UN::SG11;SG11;MOA;M;1;SG12;C;1
CUSDEC:D:94A:UN::SG12;SG12;CUX;M;1;DTM;C;1
CUSDEC:D:94A:UN::SG13;SG13;TOD;M;1;LOC;C;2;FTX;C;1
CUSDEC:D:94A:UN::SG14;SG14;NAD;M;1;SG15;C;10
CUSDEC:D:94A:UN::SG15;SG15;DOC;M;1;DTM;C;2;LOC;C;1
CUSDEC:D:94A:UN::SG16;SG16;PAC;M;1;SG17;C;999
CUSDEC:D:94A:UN::SG17;SG17;PCI;M;1;FTX;C;1;RFF;C;1
CUSDEC:D:94A:UN::SG18;SG18;PAT;M;1;MOA;C;1;PCD;C;1;FTX;C;1
CUSDEC:D:94A:UN::SG19;SG19;ALC;M;1;RTE;C;1;MOA;C;1;PCD;C;1;QTY;C;1;SG20;C;1
CUSDEC:D:94A:UN::SG2;SG02;PAC;M;1;SG3;C;999
CUSDEC:D:94A:UN::SG20;SG20;CUX;M;1;DTM;C;1
CUSDEC:D:94A:UN::SG21;SG21;LIN;M;1;PIA;C;1;QTY;C;1;PRI;C;2;PCD;C;1;MEA;C;5;QVA;C;5;MOA;C;15;NAD;C;10;GIR;C;9999;SG22;C;10;SG23;C;10;SG25;C;1;SG26;C;5;SG27;C;5;SG28;C;10
CUSDEC:D:94A:UN::SG22;SG22;DOC;M;1;DTM;C;2
CUSDEC:D:94A:UN::SG23;SG23;ALC;M;1;RTE;C;1;MOA;C;1;PCD;C;1;QTY;C;1;SG24;C;1
CUSDEC:D:94A:UN::SG24;SG24;CUX;M;1;DTM;C;1
CUSDEC:D:94A:UN::SG25;SG25;TOD;M;1;LOC;C;2
CUSDEC:D:94A:UN::SG26;SG26;PAT;M;1;MOA;C;1;PCD;C;1;FTX;C;1
CUSDEC:D:94A:UN::SG27;SG27;IMD;M;1;FTX;C;1
CUSDEC:D:94A:UN::SG28;SG28;PAC;M;1;SG29;C;999
CUSDEC:D:94A:UN::SG29;SG29;PCI;M;1;FTX;C;1;RFF;C;1
CUSDEC:D:94A:UN::SG3;SG03;PCI;M;1;FTX;C;1
CUSDEC:D:94A:UN::SG30;SG30;CST;M;1;FTX;C;9;LOC;C;25;DTM;C;5;MEA;C;20;NAD;C;5;TDT;C;1;SG31;C;10;SG33;C;25;SG35;C;999;SG37;C;25;SG38;C;1;SG39;C;1;SG40;C;25;SG41;C;10;SG42;C;1;SG44;C;50
CUSDEC:D:94A:UN::SG31;SG31;PAC;M;1;SG32;C;999
CUSDEC:D:94A:UN::SG32;SG32;PCI;M;1;FTX;C;1
CUSDEC:D:94A:UN::SG33;SG33;MOA;M;1;SG34;C;1
CUSDEC:D:94A:UN::SG34;SG34;CUX;M;1;DTM;C;1
CUSDEC:D:94A:UN::SG35;SG35;RFF;M;1;DTM;C;1;GIN;C;99;MOA;C;1;SG36;C;1
CUSDEC:D:94A:UN::SG36;SG36;IMD;M;1;FTX;C;5
CUSDEC:D:94A:UN::SG37;SG37;DOC;M;1;DTM;C;2;LOC;C;1;NAD;C;5
CUSDEC:D:94A:UN::SG38;SG38;TOD;M;1;LOC;C;2;FTX;C;1
CUSDEC:D:94A:UN::SG39;SG39;GDS;M;1;FTX;C;1
CUSDEC:D:94A:UN::SG4;SG04;TDT;M;1;TPL;C;1
CUSDEC:D:94A:UN::SG40;SG40;GIS;M;1;PCD;C;1;DTM;C;1;RFF;C;1
CUSDEC:D:94A:UN::SG41;SG41;TAX;M;1;MOA;C;2;GIS;C;1
CUSDEC:D:94A:UN::SG42;SG42;QVA;M;1;QTY;C;1;SG43;C;1
CUSDEC:D:94A:UN::SG43;SG43;RFF;M;1;DTM;C;1
CUSDEC:D:94A:UN::SG44;SG44;GIR;M;1;GIS;C;10;NAD;C;1;MEA;C;5;SG45;C;10;SG47;C;10;SG48;C;5
CUSDEC:D:94A:UN::SG45;SG45;MOA;M;1;SG46;C;1
CUSDEC:D:94A:UN::SG46;SG46;CUX;M;1;DTM;C;1
CUSDEC:D:94A:UN::SG47;SG47;TAX;M;1;MOA;C;2;GIS;C;1
CUSDEC:D:94A:UN::SG48;SG48;DOC;M;1;DTM;C;2;LOC;C;1
CUSDEC:D:94A:UN::SG49;SG49;TAX;M;1;MOA;C;2;GIS;C;1
CUSDEC:D:94A:UN::SG5;SG05;DOC;M;1;DTM;C;2;LOC;C;1
CUSDEC:D:94A:UN::SG50;SG50;AUT;M;1;DTM;C;1
CUSDEC:D:94A:UN::SG6;SG06;NAD;M;1;RFF;C;10;CTA;C;1;COM;C;5
CUSDEC:D:94A:UN::SG7;SG07;TOD;M;1;LOC;C;2;FTX;C;1
CUSDEC:D:94A:UN::SG8;SG08;MOA;M;1;SG9;C;1
CUSDEC:D:94A:UN::SG9;SG09;CUX;M;1;DTM;C;1
CUSEXP:D:94A:UN::;Customs express consignment declaration message;UNH;M;1;BGM;M;1;DTM;C;5;LOC;C;5;CNT;C;9;SG1;M;1;SG3;M;1;SG5;C;99;SG6;C;999;SG17;C;1;UNT;M;1
CUSEXP:D:94A:UN::SG1;SG01;NAD;M;1;SG2;C;5
CUSEXP:D:94A:UN::SG10;SG10;TOD;M;1;LOC;C;1;FTX;C;1
CUSEXP:D:94A:UN::SG11;SG11;MOA;M;1;SG12;C;1
CUSEXP:D:94A:UN::SG12;SG12;CUX;M;1;DTM;C;1
CUSEXP:D:94A:UN::SG13;SG13;TAX;M;1;MOA;C;1;GIS;C;1
CUSEXP:D:94A:UN::SG14;SG14;DOC;M;1;DTM;C;1;LOC;C;1
CUSEXP:D:94A:UN::SG15;SG15;CST;M;1;FTX;C;1;LOC;M;1;MEA;C;9;SG16;C;9
CUSEXP:D:94A:UN::SG16;SG16;TAX;M;1;MOA;C;1;GIS;C;1
CUSEXP:D:94A:UN::SG17;SG17;AUT;M;1;DTM;C;1
CUSEXP:D:94A:UN::SG2;SG02;CTA;M;1;COM;C;5
CUSEXP:D:94A:UN::SG3;SG03;TDT;M;1;DTM;C;1;SG4;C;9
CUSEXP:D:94A:UN::SG4;SG04;LOC;M;1;DTM;C;9
CUSEXP:D:94A:UN::SG5;SG05;EQD;M;1;SEL;C;9
CUSEXP:D:94A:UN::SG6;SG06;RFF;M;1;NAD;C;2;CNT;C;1;SG7;M;9999
CUSEXP:D:94A:UN::SG7;SG07;CNI;M;1;SGP;C;9;CNT;C;9;MEA;C;1;LOC;C;2;NAD;C;5;SG8;C;1;SG9;C;999;SG10;C;1;SG11;C;10;SG13;C;9;SG14;C;9;SG15;C;99
CUSEXP:D:94A:UN::SG8;SG08;GDS;M;1;FTX;C;1
CUSEXP:D:94A:UN::SG9;SG09;PAC;M;1;PCI;C;1
CUSREP:D:94A:UN::;Customs conveyance report message;UNH;M;1;BGM;M;1;DTM;C;9;QTY;C;9;FTX;C;9;MEA;C;9;GIS;C;9;SG1;C;99;SG2;C;99;SG3;C;9;SG4;C;9;SG5;C;5;SG8;C;99;SG10;C;999;SG11;C;1;UNT;M;1
CUSREP:D:94A:UN::SG1;SG01;RFF;M;1;DTM;C;1
CUSREP:D:94A:UN::SG10;SG10;EQD;M;1;EQN;C;1
CUSREP:D:94A:UN::SG11;SG11;AUT;M;1;DTM;C;1
CUSREP:D:94A:UN::SG2;SG02;LOC;M;1;DTM;C;9
CUSREP:D:94A:UN::SG3;SG03;DOC;M;1;RFF;C;1;DTM;C;1;LOC;C;1
CUSREP:D:94A:UN::SG4;SG04;TAX;M;1;MOA;C;1;GIS;C;1
CUSREP:D:94A:UN::SG5;SG05;NAD;M;1;SG6;C;9;SG7;C;9
CUSREP:D:94A:UN::SG6;SG06;CTA;M;1;COM;C;5
CUSREP:D:94A:UN::SG7;SG07;RFF;M;1;DTM;C;1
CUSREP:D:94A:UN::SG8;SG08;TDT;M;1;TPL;C;1;DTM;C;1;SG9;C;99
CUSREP:D:94A:UN::SG9;SG09;LOC;M;1;DTM;C;9;QTY;C;9
CUSRES:D:94A:UN::;Customs response message;UNH;M;1;BGM;M;1;NAD;C;5;LOC;C;5;DTM;C;7;GIS;C;10;FTX;C;5;EQD;C;999;SG1;C;50;SG2;C;999;SG4;C;50;SG5;M;9999;SG8;C;5;SG9;C;1;UNT;M;1
CUSRES:D:94A:UN::SG1;SG01;ERP;M;1;ERC;C;50
CUSRES:D:94A:UN::SG2;SG02;PAC;M;1;SG3;C;1
CUSRES:D:94A:UN::SG3;SG03;PCI;M;1;FTX;C;1
CUSRES:D:94A:UN::SG4;SG04;TAX;M;1;MOA;C;2;GIS;C;1
CUSRES:D:94A:UN::SG5;SG05;RFF;M;1;DTM;C;1;MEA;C;20;EQD;C;99;SG6;C;10;SG7;C;20
CUSRES:D:94A:UN::SG6;SG06;MOA;M;1;CUX;C;1
CUSRES:D:94A:UN::SG7;SG07;TAX;M;1;MOA;C;2;GIS;C;1
CUSRES:D:94A:UN::SG8;SG08;DOC;M;1;DTM;C;2;LOC;C;1
CUSRES:D:94A:UN::SG9;SG09;AUT;M;1;DTM;C;1
DEBADV:D:94A:UN::;Debit advice message;UNH;M;1;BGM;M;1;DTM;M;4;BUS;C;1;SG1;C;2;FTX;C;1;SG2;M;3;SG3;M;4;SG4;C;6;SG5;C;4;SG6;C;1;SG7;C;5;SG10;C;10;SG11;C;2;SG12;C;1;UNT;M;1
DEBADV:D:94A:UN::SG1;SG01;RFF;M;1;DTM;C;1
DEBADV:D:94A:UN::SG10;SG10;DOC;M;1;DTM;C;1
DEBADV:D:94A:UN::SG11;SG11;GIS;M;1;NAD;M;1;FTX;M;6
DEBADV:D:94A:UN::SG12;SG12;AUT;M;1;DTM;C;1
DEBADV:D:94A:UN::SG2;SG02;MOA;M;1;CUX;C;1;DTM;C;2;RFF;C;1
DEBADV:D:94A:UN::SG3;SG03;FII;M;1;CTA;C;1;COM;C;5
DEBADV:D:94A:UN::SG4;SG04;NAD;M;1;CTA;C;1;COM;C;5
DEBADV:D:94A:UN::SG5;SG05;INP;M;1;FTX;C;1;DTM;C;3
DEBADV:D:94A:UN::SG6;SG06;PAI;M;1;FTX;C;1
DEBADV:D:94A:UN::SG7;SG07;FCA;M;1;MOA;C;2;SG8;M;20
DEBADV:D:94A:UN::SG8;SG08;ALC;M;1;PCD;C;1;MOA;C;2;CUX;C;1;DTM;C;2;SG9;C;5
DEBADV:D:94A:UN::SG9;SG09;TAX;M;1;MOA;C;2;CUX;C;1;DTM;C;1
DELFOR:D:94A:UN::;Delivery schedule message;UNH;M;1;BGM;M;1;DTM;M;10;SG1;C;10;SG2;C;20;UNS;M;1;SG4;C;500;SG18;C;9999;UNS;M;1;CNT;C;5;FTX;C;5;UNT;M;1
DELFOR:D:94A:UN::SG1;SG01;RFF;M;1;DTM;C;1
DELFOR:D:94A:UN::SG10;SG10;RFF;M;1;DTM;C;1
DELFOR:D:94A:UN::SG11;SG11;TDT;M;1;DTM;C;5
DELFOR:D:94A:UN::SG12;SG12;QTY;M;1;SCC;C;1;DTM;C;2;SG13;C;10
DELFOR:D:94A:UN::SG13;SG13;RFF;M;1;DTM;C;1
DELFOR:D:94A:UN::SG14;SG14;PAC;M;1;MEA;C;10;QTY;C;5;DTM;C;5;SG15;C;10;SG16;C;10
DELFOR:D:94A:UN::SG15;SG15;PCI;M;1;GIN;C;10
DELFOR:D:94A:UN::SG16;SG16;QVA;M;1;DTM;C;5;SG17;C;10
DELFOR:D:94A:UN::SG17;SG17;RFF;M;1;DTM;C;1
DELFOR:D:94A:UN::SG18;SG18;LIN;M;1;PIA;C;10;IMD;C;10;MEA;C;5;ALI;C;5;GIN;C;100;GIR;C;100;DTM;C;5;FTX;C;5;SG19;C;10;SG20;C;50;SG22;C;10;SG24;C;500
DELFOR:D:94A:UN::SG19;SG19;RFF;M;1;DTM;C;1
DELFOR:D:94A:UN::SG2;SG02;NAD;M;1;LOC;C;10;SG3;C;5
DELFOR:D:94A:UN::SG20;SG20;QTY;M;1;SCC;C;1;DTM;C;2;SG21;C;10
DELFOR:D:94A:UN::SG21;SG21;RFF;M;1;DTM;C;1
DELFOR:D:94A:UN::SG22;SG22;PAC;M;1;MEA;C;10;QTY;C;5;DTM;C;5;SG23;C;10
DELFOR:D:94A:UN::SG23;SG23;PCI;M;1;GIN;C;10
DELFOR:D:94A:UN::SG24;SG24;NAD;M;1;LOC;C;10;FTX;C;5;SG25;C;10;SG26;C;5;SG27;C;50;SG29;C;10;SG31;C;10
DELFOR:D:94A:UN::SG25;SG25;DOC;M;1;DTM;C;1
DELFOR:D:94A:UN::SG26;SG26;CTA;M;1;COM;C;5
DELFOR:D:94A:UN::SG27;SG27;QTY;M;1;SCC;C;1;DTM;C;2;SG28;C;10
DELFOR:D:94A:UN::SG28;SG28;RFF;M;1;DTM;C;1
DELFOR:D:94A:UN::SG29;SG29;QVA;M;1;DTM;C;5;SG30;C;10
DELFOR:D:94A:UN::SG3;SG03;CTA;M;1;COM;C;5
DELFOR:D:94A:UN::SG30;SG30;RFF;M;1;DTM;C;1
DELFOR:D:94A:UN::SG31;SG31;TDT;M;1;DTM;C;5
DELFOR:D:94A:UN::SG4;SG04;NAD;M;1;LOC;C;10;FTX;C;5;SG5;C;10;SG6;C;5;SG7;C;10;SG8;C;9999
DELFOR:D:94A:UN::SG5;SG05;DOC;M;1;DTM;C;10
DELFOR:D:94A:UN::SG6;SG06;CTA;M;1;COM;C;5
DELFOR:D:94A:UN::SG7;SG07;TDT;M;1;DTM;C;5
DELFOR:D:94A:UN::SG8;SG08;LIN;M;1;PIA;C;10;IMD;C;10;MEA;C;5;ALI;C;5;GIN;C;100;GIR;C;100;LOC;C;100;DTM;C;5;FTX;C;5;SG9;C;5;SG10;C;10;SG11;C;10;SG12;C;200;SG14;C;50
DELFOR:D:94A:UN::SG9;SG09;CTA;M;1;COM;C;5
DELJIT:D:94A:UN::;Delivery just in time message;UNH;M;1;BGM;M;1;DTM;C;10;SG1;C;10;SG2;C;20;SG4;M;9999;FTX;C;5;UNT;M;1
DELJIT:D:94A:UN::SG1;SG01;RFF;M;1;DTM;C;1
DELJIT:D:94A:UN::SG10;SG10;CTA;M;1;COM;C;5
DELJIT:D:94A:UN::SG11;SG11;QTY;M;1;SCC;C;1;DTM;C;2;SG12;C;5
DELJIT:D:94A:UN::SG12;SG12;RFF;M;1;DTM;C;1
DELJIT:D:94A:UN::SG2;SG02;NAD;M;1;LOC;C;10;FTX;C;5;SG3;C;5
DELJIT:D:94A:UN::SG3;SG03;CTA;M;1;COM;C;5
DELJIT:D:94A:UN::SG4;SG04;SEQ;M;1;DTM;C;5;LOC;C;5;SG5;C;5;SG7;C;9999
DELJIT:D:94A:UN::SG5;SG05;PAC;M;1;SG6;C;999
DELJIT:D:94A:UN::SG6;SG06;PCI;M;1;GIN;C;10
DELJIT:D:94A:UN::SG7;SG07;LIN;M;1;PIA;C;10;IMD;C;10;ALI;C;5;GIR;C;5;TDT;C;5;FTX;C;5;PAC;C;5;DTM;C;5;SG8;C;5;SG9;C;5;SG11;C;100
DELJIT:D:94A:UN::SG8;SG08;RFF;M;1;DTM;C;1
DELJIT:D:94A:UN::SG9;SG09;LOC;M;1;SG10;C;5
DESADV:D:94A:UN::;Despatch advice message;UNH;M;1;BGM;M;1;DTM;C;10;ALI;C;5;MEA;C;5;SG1;C;10;SG2;C;10;SG5;C;10;SG6;C;10;SG8;C;10;SG10;C;9999;CNT;C;1;UNT;M;1
DESADV:D:94A:UN::SG1;SG01;RFF;M;1;DTM;C;1
DESADV:D:94A:UN::SG10;SG10;CPS;M;1;FTX;C;5;SG11;C;9999;SG15;C;9999
DESADV:D:94A:UN::SG11;SG11;PAC;M;1;MEA;C;10;QTY;C;10;SG12;C;10;SG13;C;1000
DESADV:D:94A:UN::SG12;SG12;HAN;M;1;FTX;C;10
DESADV:D:94A:UN::SG13;SG13;PCI;M;1;RFF;C;1;DTM;C;5;GIR;C;10;SG14;C;10
DESADV:D:94A:UN::SG14;SG14;GIN;M;1;DLM;C;10
DESADV:D:94A:UN::SG15;SG15;LIN;M;1;PIA;C;10;IMD;C;25;MEA;C;10;QTY;C;10;ALI;C;10;GIN;C;100;GIR;C;100;DLM;C;100;DTM;C;5;FTX;C;5;SG16;C;10;SG17;C;10;SG18;C;100;SG19;C;1000;SG20;C;9999;SG23;C;10
DESADV:D:94A:UN::SG16;SG16;RFF;M;1;DTM;C;1
DESADV:D:94A:UN::SG17;SG17;DGS;M;1;QTY;C;1;FTX;C;5
DESADV:D:94A:UN::SG18;SG18;LOC;M;1;NAD;C;1;DTM;C;1;QTY;C;10
DESADV:D:94A:UN::SG19;SG19;SGP;M;1;QTY;C;10
DESADV:D:94A:UN::SG2;SG02;NAD;M;1;LOC;C;10;SG3;C;10;SG4;C;10
DESADV:D:94A:UN::SG20;SG20;PCI;M;1;DTM;C;5;MEA;C;10;QTY;C;1;SG21;C;10;SG22;C;10
DESADV:D:94A:UN::SG21;SG21;GIN;M;1;DLM;C;100
DESADV:D:94A:UN::SG22;SG22;HAN;M;1;FTX;C;5;GIN;C;1000
DESADV:D:94A:UN::SG23;SG23;QVA;M;1;DTM;C;5
DESADV:D:94A:UN::SG3;SG03;RFF;M;1;DTM;C;1
DESADV:D:94A:UN::SG4;SG04;CTA;M;1;COM;C;5
DESADV:D:94A:UN::SG5;SG05;TOD;M;1;LOC;C;5;FTX;C;5
DESADV:D:94A:UN::SG6;SG06;TDT;M;1;PCD;C;6;SG7;C;10
DESADV:D:94A:UN::SG7;SG07;LOC;M;1;DTM;C;10
DESADV:D:94A:UN::SG8;SG08;EQD;M;1;MEA;C;5;SEL;C;25;EQA;C;5;SG9;C;10
DESADV:D:94A:UN::SG9;SG09;HAN;M;1;FTX;C;10
DIRDEB:D:94A:UN::;Direct debit message;UNH;M;1;BGM;M;1;DTM;M;4;RFF;C;3;BUS;C;1;FTX;C;5;PAI;C;1;FCA;C;1;SG1;M;1;SG2;C;4;SG3;C;6;SG4;C;4;SG5;C;9999;UNS;M;1;MOA;M;5;SG11;C;2;SG12;C;1;UNT;M;1
DIRDEB:D:94A:UN::SG1;SG01;MOA;M;1;CUX;C;1;DTM;C;2;RFF;C;1
DIRDEB:D:94A:UN::SG10;SG10;AJT;M;1;MOA;C;1;RFF;C;1
DIRDEB:D:94A:UN::SG11;SG11;GIS;M;1;NAD;M;1;FTX;M;6
DIRDEB:D:94A:UN::SG12;SG12;AUT;M;1;DTM;C;1
DIRDEB:D:94A:UN::SG2;SG02;FII;M;1;CTA;C;1;COM;C;5
DIRDEB:D:94A:UN::SG3;SG03;NAD;M;1;CTA;C;1;COM;C;5
DIRDEB:D:94A:UN::SG4;SG04;INP;M;1;FTX;C;1;DTM;C;2
DIRDEB:D:94A:UN::SG5;SG05;DOC;M;1;MOA;M;5;DTM;C;5;RFF;C;5;NAD;C;2;SG6;C;5;SG7;C;100;SG8;C;9999
DIRDEB:D:94A:UN::SG6;SG06;CUX;M;1;DTM;C;1
DIRDEB:D:94A:UN::SG7;SG07;AJT;M;1;MOA;C;1;RFF;C;1
DIRDEB:D:94A:UN::SG8;SG08;DLI;M;1;MOA;C;5;PIA;C;5;DTM;C;5;SG9;C;5;SG10;C;10
DIRDEB:D:94A:UN::SG9;SG09;CUX;M;1;DTM;C;1
DOCADV:D:94A:UN::;Documentary credit advice message;UNH;M;1;BGM;M;1;BUS;M;1;INP;M;5;DTM;M;3;FTX;C;9;SG1;M;5;SG2;M;9;SG3;M;1;SG4;M;5;SG6;M;3;SG7;M;1;SG8;M;5;SG9;C;1;SG10;C;1;SG11;C;1;SG12;C;5;SG13;C;5;SG16;M;99;SG22;M;20;SG25;C;1;UNT;M;1
DOCADV:D:94A:UN::SG1;SG01;FII;M;1;RFF;C;2;CTA;C;1;COM;C;5
DOCADV:D:94A:UN::SG10;SG10;TSR;M;1;LOC;C;1
DOCADV:D:94A:UN::SG11;SG11;AGR;M;1;MOA;C;1;PCD;C;1;LOC;C;1;FTX;C;1
DOCADV:D:94A:UN::SG12;SG12;INP;M;1;FTX;C;1;DTM;C;2
DOCADV:D:94A:UN::SG13;SG13;FCA;M;1;MOA;C;2;SG14;M;20
DOCADV:D:94A:UN::SG14;SG14;ALC;M;1;PCD;C;1;MOA;C;2;CUX;C;1;DTM;C;1;SG15;C;5
DOCADV:D:94A:UN::SG15;SG15;TAX;M;1;MOA;C;2;CUX;C;1;DTM;C;1
DOCADV:D:94A:UN::SG16;SG16;RFF;M;1;DTM;C;1;FTX;C;1;SG17;C;9
DOCADV:D:94A:UN::SG17;SG17;LIN;M;1;IMD;C;1;MEA;C;1;QTY;C;1;PCD;C;1;SG18;C;1;SG19;C;1;SG20;C;1;SG21;C;1
DOCADV:D:94A:UN::SG18;SG18;PRI;M;1;MOA;C;1
DOCADV:D:94A:UN::SG19;SG19;PAC;M;1;MEA;C;1;PCI;C;1
DOCADV:D:94A:UN::SG2;SG02;NAD;M;1;RFF;C;1;CTA;C;1;COM;C;5
DOCADV:D:94A:UN::SG20;SG20;TDT;M;1;LOC;C;3;DTM;C;1
DOCADV:D:94A:UN::SG21;SG21;TOD;M;1;LOC;C;1
DOCADV:D:94A:UN::SG22;SG22;DOC;M;1;MOA;C;1;PCD;C;1;FTX;C;1;SG23;C;9
DOCADV:D:94A:UN::SG23;SG23;ALI;M;1;SG24;C;3
DOCADV:D:94A:UN::SG24;SG24;NAD;M;1;CTA;C;1;COM;C;5
DOCADV:D:94A:UN::SG25;SG25;AUT;M;1;DTM;C;1
DOCADV:D:94A:UN::SG3;SG03;DTM;M;1;LOC;C;1
DOCADV:D:94A:UN::SG4;SG04;MOA;M;1;SG5;C;1
DOCADV:D:94A:UN::SG5;SG05;ALC;M;1;QTY;C;1;PCD;C;1
DOCADV:D:94A:UN::SG6;SG06;LOC;M;1;DTM;C;1
DOCADV:D:94A:UN::SG7;SG07;PAI;M;1;FII;C;1;LOC;C;1
DOCADV:D:94A:UN::SG8;SG08;PAT;M;1;NAD;C;1;DTM;C;1;MOA;C;1;PCD;C;1;FTX;C;1
DOCADV:D:94A:UN::SG9;SG09;TOD;M;1;LOC;C;1
DOCAPP:D:94A:UN::;Documentary credit application message;UNH;M;1;BGM;M;1;BUS;M;1;INP;M;5;FCA;M;3;DTM;C;2;FTX;C;3;SG1;M;5;SG2;M;9;SG3;M;1;SG4;M;5;SG6;C;3;SG7;C;1;SG8;C;5;SG9;C;1;SG10;C;1;SG11;C;1;SG12;C;5;SG13;C;2;SG14;M;99;SG20;M;20;SG23;C;1;UNT;M;1
DOCAPP:D:94A:UN::SG1;SG01;FII;M;1;RFF;C;2;CTA;C;1;COM;C;5
DOCAPP:D:94A:UN::SG10;SG10;TSR;M;1;LOC;C;1
DOCAPP:D:94A:UN::SG11;SG11;AGR;M;1;MOA;C;1;PCD;C;1;LOC;C;1;FTX;C;1
DOCAPP:D:94A:UN::SG12;SG12;INP;M;1;FTX;C;1;DTM;C;2
DOCAPP:D:94A:UN::SG13;SG13;GIS;M;1;NAD;M;1;FTX;M;6
DOCAPP:D:94A:UN::SG14;SG14;RFF;M;1;DTM;C;1;FTX;C;1;SG15;C;9
DOCAPP:D:94A:UN::SG15;SG15;LIN;M;1;IMD;C;1;MEA;C;1;QTY;C;1;PCD;C;1;SG16;C;1;SG17;C;1;SG18;C;1;SG19;C;1
DOCAPP:D:94A:UN::SG16;SG16;PRI;M;1;MOA;C;1
DOCAPP:D:94A:UN::SG17;SG17;PAC;M;1;MEA;C;1;PCI;C;1
DOCAPP:D:94A:UN::SG18;SG18;TDT;M;1;LOC;C;3;DTM;C;1
DOCAPP:D:94A:UN::SG19;SG19;TOD;M;1;LOC;C;1
DOCAPP:D:94A:UN::SG2;SG02;NAD;M;1;RFF;C;1;CTA;C;1;COM;C;5
DOCAPP:D:94A:UN::SG20;SG20;DOC;M;1;MOA;C;1;PCD;C;1;FTX;C;1;SG21;C;9
DOCAPP:D:94A:UN::SG21;SG21;ALI;M;1;SG22;C;3
DOCAPP:D:94A:UN::SG22;SG22;NAD;M;1;CTA;C;1;COM;C;5
DOCAPP:D:94A:UN::SG23;SG23;AUT;M;1;DTM;C;1
DOCAPP:D:94A:UN::SG3;SG03;DTM;M;1;LOC;C;1
DOCAPP:D:94A:UN::SG4;SG04;MOA;M;1;SG5;C;1
DOCAPP:D:94A:UN::SG5;SG05;ALC;M;1;QTY;C;1;PCD;C;1
DOCAPP:D:94A:UN::SG6;SG06;LOC;M;1;DTM;C;1
DOCAPP:D:94A:UN::SG7;SG07;PAI;M;1;FII;C;1;LOC;C;1
DOCAPP:D:94A:UN::SG8;SG08;PAT;M;1;NAD;C;1;DTM;C;1;MOA;C;1;PCD;C;1;FTX;C;1
DOCAPP:D:94A:UN::SG9;SG09;TOD;M;1;LOC;C;1
DOCINF:D:94A:UN::;Documentary credit issuance information message;UNH;M;1;BGM;M;1;DTM;M;3;BUS;C;1;INP;C;5;FTX;C;9;SG1;M;5;SG2;C;9;SG3;C;1;SG4;M;5;SG6;C;3;SG7;C;1;SG8;C;5;SG9;C;1;SG10;C;1;SG11;C;1;SG12;C;5;SG13;C;2;SG14;C;5;SG17;C;99;SG23;C;20;SG26;C;1;UNT;M;1
DOCINF:D:94A:UN::SG1;SG01;FII;M;1;RFF;C;2;CTA;C;1;COM;C;5
DOCINF:D:94A:UN::SG10;SG10;TSR;M;1;LOC;C;1
DOCINF:D:94A:UN::SG11;SG11;AGR;M;1;MOA;C;1;PCD;C;1;LOC;C;1;FTX;C;1
DOCINF:D:94A:UN::SG12;SG12;INP;M;1;FTX;C;1;DTM;C;2
DOCINF:D:94A:UN::SG13;SG13;GIS;M;1;NAD;M;1;FTX;M;6
DOCINF:D:94A:UN::SG14;SG14;FCA;M;1;MOA;C;2;SG15;M;20
DOCINF:D:94A:UN::SG15;SG15;ALC;M;1;PCD;C;1;MOA;C;2;CUX;C;1;DTM;C;1;SG16;C;5
DOCINF:D:94A:UN::SG16;SG16;TAX;M;1;MOA;C;2;CUX;C;1;DTM;C;1
DOCINF:D:94A:UN::SG17;SG17;RFF;M;1;DTM;C;1;FTX;C;1;SG18;C;9
DOCINF:D:94A:UN::SG18;SG18;LIN;M;1;IMD;C;1;MEA;C;1;QTY;C;1;PCD;C;1;SG19;C;1;SG20;C;1;SG21;C;1;SG22;C;1
DOCINF:D:94A:UN::SG19;SG19;PRI;M;1;MOA;C;1
DOCINF:D:94A:UN::SG2;SG02;NAD;M;1;RFF;C;1;CTA;C;1;COM;C;5
DOCINF:D:94A:UN::SG20;SG20;PAC;M;1;MEA;C;1;PCI;C;1
DOCINF:D:94A:UN::SG21;SG21;TDT;M;1;LOC;C;3;DTM;C;1
DOCINF:D:94A:UN::SG22;SG22;TOD;M;1;LOC;C;1
DOCINF:D:94A:UN::SG23;SG23;DOC;M;1;MOA;C;1;PCD;C;1;FTX;C;1;SG24;C;9
DOCINF:D:94A:UN::SG24;SG24;ALI;M;1;SG25;C;3
DOCINF:D:94A:UN::SG25;SG25;NAD;M;1;CTA;C;1;COM;C;5
DOCINF:D:94A:UN::SG26;SG26;AUT;M;1;DTM;C;1
DOCINF:D:94A:UN::SG3;SG03;DTM;M;1;LOC;C;1
DOCINF:D:94A:UN::SG4;SG04;MOA;M;1;SG5;C;1
DOCINF:D:94A:UN::SG5;SG05;ALC;M;1;QTY;C;1;PCD;C;1
DOCINF:D:94A:UN::SG6;SG06;LOC;M;1;DTM;C;1
DOCINF:D:94A:UN::SG7;SG07;PAI;M;1;FII;C;1;LOC;C;1
DOCINF:D:94A:UN::SG8;SG08;PAT;M;1;NAD;C;1;DTM;C;1;MOA;C;1;PCD;C;1;FTX;C;1
DOCINF:D:94A:UN::SG9;SG09;TOD;M;1;LOC;C;1
HANMOV:D:94A:UN::;Cargo/goods handling and movement message;UNH;M;1;BGM;M;1;DTM;C;9;HAN;C;9;FTX;C;9;CNT;C;9;SG1;C;9;SG2;C;9;SG3;C;9;SG6;C;9;SG7;C;99;SG13;C;99;SG16;C;9;UNT;M;1
HANMOV:D:94A:UN::SG1;SG01;TCC;M;1;LOC;C;9;FTX;C;9;CUX;C;9
HANMOV:D:94A:UN::SG10;SG10;RFF;M;1;DTM;C;1
HANMOV:D:94A:UN::SG11;SG11;PAC;M;1;MEA;C;9;QTY;C;9;SG12;C;9
HANMOV:D:94A:UN::SG12;SG12;PCI;M;1;GIN;C;9
HANMOV:D:94A:UN::SG13;SG13;GID;M;1;HAN;C;1;CST;C;1;TMP;C;1;RNG;C;1;LOC;C;9;MOA;C;9;PIA;C;9;FTX;C;9;NAD;C;9;MEA;C;9;DIM;C;9;RFF;C;9;PCI;C;9;SG14;C;9;SGP;C;9;TCC;C;9;SG15;C;9
HANMOV:D:94A:UN::SG14;SG14;DOC;M;1;DTM;C;9
HANMOV:D:94A:UN::SG15;SG15;DGS;M;1;FTX;C;9;MEA;C;9
HANMOV:D:94A:UN::SG16;SG16;EQD;M;1;EQN;C;1;SEL;C;1;EQA;C;99
HANMOV:D:94A:UN::SG2;SG02;RFF;M;1;DTM;C;9
HANMOV:D:94A:UN::SG3;SG03;NAD;M;1;LOC;C;9;DOC;C;9;SG4;C;9;SG5;C;1
HANMOV:D:94A:UN::SG4;SG04;RFF;M;1;DTM;C;9
HANMOV:D:94A:UN::SG5;SG05;CTA;M;1;COM;C;9
HANMOV:D:94A:UN::SG6;SG06;TDT;M;1;DTM;C;9;LOC;C;9;RFF;C;9
HANMOV:D:94A:UN::SG7;SG07;LIN;M;1;PIA;C;9;IMD;C;99;HAN;C;9;TCC;C;9;SG8;C;9;MEA;C;9;QTY;C;9;GIN;C;99;GIR;C;99;DTM;C;9;FTX;C;9;SG10;C;9;LOC;C;9;SG11;C;99
HANMOV:D:94A:UN::SG8;SG08;NAD;M;1;SG9;C;1
HANMOV:D:94A:UN::SG9;SG09;CTA;M;1;COM;C;9
IFCSUM:D:94A:UN::;Forwarding and consolidation summary message;UNH;M;1;BGM;M;1;DTM;C;9;MOA;C;99;FTX;C;99;CNT;C;9;SG1;C;9;SG2;C;9;SG4;C;9;SG5;C;9;SG13;C;999;SG15;C;9999;UNT;M;1
IFCSUM:D:94A:UN::SG1;SG01;RFF;M;1;DTM;C;9
IFCSUM:D:94A:UN::SG10;SG10;CTA;M;1;COM;C;9
IFCSUM:D:94A:UN::SG11;SG11;DOC;M;1;DTM;C;1
IFCSUM:D:94A:UN::SG12;SG12;TCC;M;1;PRI;C;1;EQN;C;1;PCD;C;1;MOA;C;9;QTY;C;9
IFCSUM:D:94A:UN::SG13;SG13;EQD;M;1;EQN;C;1;TPL;C;1;TMD;C;1;MEA;C;9;DIM;C;9;SEL;C;9;NAD;C;9;LOC;C;9;HAN;C;1;TMP;C;1;FTX;C;9;SG14;C;99
IFCSUM:D:94A:UN::SG14;SG14;EQA;M;1;EQN;C;1
IFCSUM:D:94A:UN::SG15;SG15;CNI;M;1;SG16;C;9;CTA;C;1;COM;C;9;DTM;C;9;CNT;C;9;TSR;C;9;CUX;C;9;MOA;C;99;FTX;C;99;SG18;C;99;SG19;C;1;SG20;C;99;SG21;C;9;SG23;C;9;SG24;C;99;SG25;C;99;SG27;C;99;SG33;C;999;SG52;C;999
IFCSUM:D:94A:UN::SG16;SG16;SGP;M;1;SG17;C;9
IFCSUM:D:94A:UN::SG17;SG17;MEA;M;1;EQN;C;1
IFCSUM:D:94A:UN::SG18;SG18;LOC;M;1;DTM;C;9
IFCSUM:D:94A:UN::SG19;SG19;TOD;M;1;LOC;C;9
IFCSUM:D:94A:UN::SG2;SG02;GOR;M;1;DTM;C;9;LOC;C;9;SEL;C;9;FTX;C;9;SG3;C;9
IFCSUM:D:94A:UN::SG20;SG20;RFF;M;1;DTM;C;9
IFCSUM:D:94A:UN::SG21;SG21;GOR;M;1;DTM;C;9;LOC;C;9;SEL;C;9;FTX;C;9;SG22;C;9
IFCSUM:D:94A:UN::SG22;SG22;DOC;M;1;DTM;C;1
IFCSUM:D:94A:UN::SG23;SG23;CPI;M;1;CUX;C;1;LOC;C;9;MOA;C;9
IFCSUM:D:94A:UN::SG24;SG24;TCC;M;1;LOC;C;1;FTX;C;1;CUX;C;1;PRI;C;1;EQN;C;1;PCD;C;1;MOA;C;9;QTY;C;9
IFCSUM:D:94A:UN::SG25;SG25;TDT;M;1;DTM;C;9;TSR;C;9;LOC;C;99;SG26;C;9
IFCSUM:D:94A:UN::SG26;SG26;RFF;M;1;DTM;C;1
IFCSUM:D:94A:UN::SG27;SG27;NAD;M;1;LOC;C;9;MOA;C;9;SG28;C;9;SG29;C;9;SG30;C;99;SG31;C;9;SG32;C;9
IFCSUM:D:94A:UN::SG28;SG28;CTA;M;1;COM;C;9
IFCSUM:D:94A:UN::SG29;SG29;DOC;M;1;DTM;C;1
IFCSUM:D:94A:UN::SG3;SG03;DOC;M;1;DTM;C;1
IFCSUM:D:94A:UN::SG30;SG30;TCC;M;1;PRI;C;1;EQN;C;1;PCD;C;1;MOA;C;9;QTY;C;9
IFCSUM:D:94A:UN::SG31;SG31;RFF;M;1;DTM;C;9
IFCSUM:D:94A:UN::SG32;SG32;CPI;M;1;CUX;C;1;LOC;C;9;MOA;C;9
IFCSUM:D:94A:UN::SG33;SG33;GID;M;1;HAN;C;1;TMP;C;1;RNG;C;1;TMD;C;1;LOC;C;9;MOA;C;9;PIA;C;9;FTX;C;9;SG34;C;9;SG35;C;9;SG35;C;99;SG36;C;99;SG37;C;9;SG38;C;9;SG39;C;9;SG40;C;9;SG42;C;1;SG44;C;999;SG46;C;99;SG47;C;9
IFCSUM:D:94A:UN::SG34;SG34;NAD;M;1;DTM;C;1
IFCSUM:D:94A:UN::SG35;SG35;MEA;M;1;EQN;C;1
IFCSUM:D:94A:UN::SG36;SG36;DIM;M;1;EQN;C;1
IFCSUM:D:94A:UN::SG37;SG37;RFF;M;1;DTM;C;9
IFCSUM:D:94A:UN::SG38;SG38;PCI;M;1;RFF;C;1;DTM;C;1
IFCSUM:D:94A:UN::SG39;SG39;DOC;M;1;DTM;C;9
IFCSUM:D:94A:UN::SG4;SG04;TCC;M;1;PRI;C;1;EQN;C;1;PCD;C;1;MOA;C;9;QTY;C;9;LOC;C;9
IFCSUM:D:94A:UN::SG40;SG40;GOR;M;1;DTM;C;9;LOC;C;9;SEL;C;9;FTX;C;9;SG41;C;9
IFCSUM:D:94A:UN::SG41;SG41;DOC;M;1;DTM;C;1
IFCSUM:D:94A:UN::SG42;SG42;TPL;M;1;SG43;C;9
IFCSUM:D:94A:UN::SG43;SG43;MEA;M;1;EQN;C;1
IFCSUM:D:94A:UN::SG44;SG44;SGP;M;1;SG45;C;9
IFCSUM:D:94A:UN::SG45;SG45;MEA;M;1;EQN;C;1
IFCSUM:D:94A:UN::SG46;SG46;TCC;M;1;PRI;C;1;EQN;C;1;PCD;C;1;MOA;C;9;QTY;C;9;LOC;C;9
IFCSUM:D:94A:UN::SG47;SG47;DGS;M;1;FTX;C;99;SG48;C;9;SG49;C;9;SG50;C;999
IFCSUM:D:94A:UN::SG48;SG48;CTA;M;1;COM;C;9
IFCSUM:D:94A:UN::SG49;SG49;MEA;M;1;EQN;C;1
IFCSUM:D:94A:UN::SG5;SG05;TDT;M;1;TSR;C;9;LOC;C;9;DTM;C;9;SEL;C;9;FTX;C;9;SG6;C;9;SG7;C;9;SG8;C;9;SG9;C;9
IFCSUM:D:94A:UN::SG50;SG50;SGP;M;1;SG51;C;9
IFCSUM:D:94A:UN::SG51;SG51;MEA;M;1;EQN;C;1
IFCSUM:D:94A:UN::SG52;SG52;EQD;M;1;EQN;C;1;TMD;C;1;MEA;C;9;DIM;C;9;SEL;C;99;TPL;C;9;HAN;C;1;TMP;C;1;FTX;C;9;SG53;C;99;SG54;C;9;SG55;C;99
IFCSUM:D:94A:UN::SG53;SG53;TCC;M;1;PRI;C;1;EQN;C;1;PCD;C;1;MOA;C;9;QTY;C;9
IFCSUM:D:94A:UN::SG54;SG54;NAD;M;1;DTM;C;1
IFCSUM:D:94A:UN::SG55;SG55;EQA;M;1;EQN;C;1
IFCSUM:D:94A:UN::SG6;SG06;MEA;M;1;EQN;C;1
IFCSUM:D:94A:UN::SG7;SG07;DIM;M;1;EQN;C;1
IFCSUM:D:94A:UN::SG8;SG08;CTA;M;1;COM;C;9
IFCSUM:D:94A:UN::SG9;SG09;NAD;M;1;LOC;C;9;SG10;C;9;SG11;C;9;SG12;C;9
IFTCCA:D:94A:UN::;Forwarding and transport shipment charge calculation message;UNH;M;1;BGM;M;1;CTA;C;9;COM;C;9;DTM;C;9;TSR;C;9;CUX;C;9;MOA;C;9;FTX;C;99;RFF;C;9;CNT;C;9;SG1;C;99;SG2;C;9;SG3;C;99;SG5;C;99;SG8;C;999;SG22;C;999;UNT;M;1
IFTCCA:D:94A:UN::SG1;SG01;LOC;M;1;DTM;C;9
IFTCCA:D:94A:UN::SG10;SG10;MEA;M;1;EQN;C;9
IFTCCA:D:94A:UN::SG11;SG11;DIM;M;1;EQN;C;9
IFTCCA:D:94A:UN::SG12;SG12;RFF;M;1;EQN;C;9
IFTCCA:D:94A:UN::SG13;SG13;TPL;M;1;SG14;C;9
IFTCCA:D:94A:UN::SG14;SG14;MEA;M;1;EQN;C;9
IFTCCA:D:94A:UN::SG15;SG15;SGP;M;1;SG16;C;9
IFTCCA:D:94A:UN::SG16;SG16;MEA;M;1;EQN;C;9
IFTCCA:D:94A:UN::SG17;SG17;TCC;M;1;PRI;C;9;EQN;C;9;PCD;C;9;MOA;C;9;QTY;C;9;LOC;C;9;RFF;C;9;MEA;C;9;CUX;C;9;DTM;C;9;FTX;C;9
IFTCCA:D:94A:UN::SG18;SG18;DGS;M;1;FTX;C;99;SG19;C;9;SG20;C;999
IFTCCA:D:94A:UN::SG19;SG19;MEA;M;1;EQN;C;1
IFTCCA:D:94A:UN::SG2;SG02;CPI;M;1;CUX;C;9;LOC;C;9;MOA;C;9
IFTCCA:D:94A:UN::SG20;SG20;SGP;M;1;SG21;C;9
IFTCCA:D:94A:UN::SG21;SG21;MEA;M;1;EQN;C;1
IFTCCA:D:94A:UN::SG22;SG22;EQD;M;1;EQN;C;9;FTX;C;9
IFTCCA:D:94A:UN::SG3;SG03;TDT;M;1;DTM;C;9;TSR;C;9;LOC;C;99;FTX;C;99;SG4;C;9
IFTCCA:D:94A:UN::SG4;SG04;RFF;M;1;DTM;C;9
IFTCCA:D:94A:UN::SG5;SG05;NAD;M;1;LOC;C;9;SG6;C;9;SG7;C;9
IFTCCA:D:94A:UN::SG6;SG06;CTA;M;1;COM;C;9
IFTCCA:D:94A:UN::SG7;SG07;RFF;M;1;DTM;C;9
IFTCCA:D:94A:UN::SG8;SG08;GID;M;1;HAN;C;9;TMP;C;9;RNG;C;9;LOC;C;9;FTX;C;9;SG9;C;9;SG10;C;99;SG11;C;99;SG12;C;9;SG13;C;9;SG15;C;999;SG17;C;99;SG18;C;9
IFTCCA:D:94A:UN::SG9;SG09;GDS;M;1;FTX;C;9
IFTDGN:D:94A:UN::;Dangerous goods notification message;UNH;M;1;BGM;M;1;FTX;C;9;RFF;C;3;SG1;C;1;NAD;C;2;SG2;M;999;UNT;M;1
IFTDGN:D:94A:UN::SG1;SG01;TDT;M;1;LOC;C;10;DTM;M;2
IFTDGN:D:94A:UN::SG2;SG02;CNI;M;1;DTM;C;3;LOC;C;4;TDT;C;1;SG3;C;2;SG5;C;99
IFTDGN:D:94A:UN::SG3;SG03;NAD;M;1;SG4;C;1;RFF;C;1
IFTDGN:D:94A:UN::SG4;SG04;CTA;M;1;COM;C;1
IFTDGN:D:94A:UN::SG5;SG05;GID;M;1;FTX;C;2;PCI;C;1;SG6;M;1
IFTDGN:D:94A:UN::SG6;SG06;DGS;M;1;FTX;M;2;MEA;M;2;SG7;C;9
IFTDGN:D:94A:UN::SG7;SG07;SGP;M;1;MEA;C;2
IFTMAN:D:94A:UN::;Arrival notice message;UNH;M;1;BGM;M;1;CTA;C;1;COM;C;9;DTM;C;9;TSR;C;9;CUX;C;9;MOA;C;99;FTX;C;99;CNT;C;9;SG1;C;99;SG2;C;1;SG3;C;99;SG4;C;9;SG6;C;9;SG7;C;99;SG8;C;99;SG10;C;99;SG16;C;999;SG33;C;999;UNT;M;1
IFTMAN:D:94A:UN::SG1;SG01;LOC;M;1;DTM;C;9
IFTMAN:D:94A:UN::SG10;SG10;NAD;M;1;LOC;C;9;MOA;C;9;SG11;C;9;SG12;C;9;SG13;C;99;SG14;C;9;SG15;C;9
IFTMAN:D:94A:UN::SG11;SG11;CTA;M;1;COM;C;9
IFTMAN:D:94A:UN::SG12;SG12;DOC;M;1;DTM;C;1
IFTMAN:D:94A:UN::SG13;SG13;TCC;M;1;PRI;C;1;EQN;C;1;PCD;C;1;MOA;C;9;QTY;C;9
IFTMAN:D:94A:UN::SG14;SG14;RFF;M;1;DTM;C;9
IFTMAN:D:94A:UN::SG15;SG15;CPI;M;1;CUX;C;1;LOC;C;9;MOA;C;9
IFTMAN:D:94A:UN::SG16;SG16;GID;M;1;HAN;C;1;TMP;C;1;RNG;C;1;TMD;C;1;LOC;C;9;MOA;C;9;PIA;C;9;FTX;C;9;SG17;C;9;SG18;C;9;SG18;C;99;SG19;C;99;SG20;C;9;SG21;C;9;SG22;C;9;SG23;C;9;SG25;C;999;SG27;C;99;SG28;C;9
IFTMAN:D:94A:UN::SG17;SG17;NAD;M;1;DTM;C;1
IFTMAN:D:94A:UN::SG18;SG18;MEA;M;1;EQN;C;1
IFTMAN:D:94A:UN::SG19;SG19;DIM;M;1;EQN;C;1
IFTMAN:D:94A:UN::SG2;SG02;TOD;M;1;LOC;C;9
IFTMAN:D:94A:UN::SG20;SG20;RFF;M;1;DTM;C;9
IFTMAN:D:94A:UN::SG21;SG21;PCI;M;1;RFF;C;1;DTM;C;1
IFTMAN:D:94A:UN::SG22;SG22;DOC;M;1;DTM;C;9
IFTMAN:D:94A:UN::SG23;SG23;TPL;M;1;SG24;C;9
IFTMAN:D:94A:UN::SG24;SG24;MEA;M;1;EQN;C;1
IFTMAN:D:94A:UN::SG25;SG25;SGP;M;1;SG26;C;9
IFTMAN:D:94A:UN::SG26;SG26;MEA;M;1;EQN;C;1
IFTMAN:D:94A:UN::SG27;SG27;TCC;M;1;PRI;C;1;EQN;C;1;PCD;C;1;MOA;C;9;QTY;C;9;LOC;C;9
IFTMAN:D:94A:UN::SG28;SG28;DGS;M;1;FTX;C;99;SG29;C;9;SG30;C;9;SG31;C;999
IFTMAN:D:94A:UN::SG29;SG29;CTA;M;1;COM;C;9
IFTMAN:D:94A:UN::SG3;SG03;RFF;M;1;DTM;C;9
IFTMAN:D:94A:UN::SG30;SG30;MEA;M;1;EQN;C;1
IFTMAN:D:94A:UN::SG31;SG31;SGP;M;1;SG32;C;9
IFTMAN:D:94A:UN::SG32;SG32;MEA;M;1;EQN;C;1
IFTMAN:D:94A:UN::SG33;SG33;EQD;M;1;EQN;C;1;TMD;C;1;MEA;C;9;DIM;C;9;SEL;C;99;TPL;C;9;HAN;C;1;TMP;C;1;FTX;C;9;SG34;C;99;SG35;C;9;SG36;C;99
IFTMAN:D:94A:UN::SG34;SG34;TCC;M;1;PRI;C;1;EQN;C;1;PCD;C;1;MOA;C;9;QTY;C;9
IFTMAN:D:94A:UN::SG35;SG35;NAD;M;1;DTM;C;1
IFTMAN:D:94A:UN::SG36;SG36;EQA;M;1;EQN;C;1
IFTMAN:D:94A:UN::SG4;SG04;GOR;M;1;DTM;C;9;LOC;C;9;SEL;C;9;FTX;C;9;SG5;C;9
IFTMAN:D:94A:UN::SG5;SG05;DOC;M;1;DTM;C;1
IFTMAN:D:94A:UN::SG6;SG06;CPI;M;1;CUX;C;1;LOC;C;9;MOA;C;9
IFTMAN:D:94A:UN::SG7;SG07;TCC;M;1;LOC;C;1;FTX;C;1;CUX;C;1;PRI;C;1;EQN;C;1;PCD;C;1;MOA;C;9;QTY;C;9
IFTMAN:D:94A:UN::SG8;SG08;TDT;M;1;DTM;C;9;TSR;C;9;LOC;C;99;SG9;C;9
IFTMAN:D:94A:UN::SG9;SG09;RFF;M;1;DTM;C;1
IFTMBC:D:94A:UN::;Booking confirmation message;UNH;M;1;BGM;M;1;CTA;C;1;COM;C;9;DTM;C;9;FTX;C;99;CNT;C;9;SG1;C;99;SG2;C;99;TCC;C;9;SG3;M;99;SG5;C;99;SG6;C;999;SG14;C;999;UNT;M;1
IFTMBC:D:94A:UN::SG1;SG01;LOC;M;1;DTM;C;9
IFTMBC:D:94A:UN::SG10;SG10;RFF;M;1;DTM;C;9
IFTMBC:D:94A:UN::SG11;SG11;DOC;M;1;DTM;C;9
IFTMBC:D:94A:UN::SG12;SG12;DGS;M;1;FTX;C;99;SG13;C;9
IFTMBC:D:94A:UN::SG13;SG13;MEA;M;1;EQN;C;1
IFTMBC:D:94A:UN::SG14;SG14;EQD;M;1;EQN;C;1;TMD;C;1;MEA;C;9;DIM;C;9;HAN;C;1;TMP;C;1;FTX;C;9;SG15;C;9
IFTMBC:D:94A:UN::SG15;SG15;NAD;M;1;DTM;C;1
IFTMBC:D:94A:UN::SG2;SG02;RFF;M;1;DTM;C;9
IFTMBC:D:94A:UN::SG3;SG03;TDT;M;1;DTM;C;9;TSR;C;9;LOC;C;99;SG4;C;9
IFTMBC:D:94A:UN::SG4;SG04;RFF;M;1;DTM;C;1
IFTMBC:D:94A:UN::SG5;SG05;NAD;M;1;LOC;C;9
IFTMBC:D:94A:UN::SG6;SG06;GID;M;1;HAN;C;1;TMP;C;1;RNG;C;1;TMD;C;1;LOC;C;9;FTX;C;9;SG7;C;9;SG8;C;9;SG8;C;99;SG9;C;99;SG10;C;9;SG11;C;9;SG12;C;9
IFTMBC:D:94A:UN::SG7;SG07;NAD;M;1;DTM;C;1
IFTMBC:D:94A:UN::SG8;SG08;MEA;M;1;EQN;C;1
IFTMBC:D:94A:UN::SG9;SG09;DIM;M;1;EQN;C;1
IFTMBF:D:94A:UN::;Firm booking message;BGM;M;1;CTA;C;1;COM;C;9;DTM;C;9;TSR;C;9;FTX;C;99;CNT;C;9;SG1;C;99;SG2;C;1;SG3;C;99;SG4;C;9;SG6;C;99;SG7;M;99;SG9;C;99;SG14;C;999;SG28;C;999
IFTMBF:D:94A:UN::SG1;SG01;LOC;M;1;DTM;C;9
IFTMBF:D:94A:UN::SG10;SG10;CTA;M;1;COM;C;9
IFTMBF:D:94A:UN::SG11;SG11;DOC;M;1;DTM;C;1
IFTMBF:D:94A:UN::SG12;SG12;RFF;M;1;DTM;C;9
IFTMBF:D:94A:UN::SG13;SG13;CPI;M;1;CUX;C;1;LOC;C;9;MOA;C;9
IFTMBF:D:94A:UN::SG14;SG14;GID;M;1;HAN;C;1;TMP;C;1;RNG;C;1;TMD;C;1;LOC;C;9;MOA;C;9;PIA;C;9;FTX;C;9;SG15;C;9;SG16;C;9;SG16;C;99;SG17;C;99;SG18;C;9;SG19;C;9;SG20;C;9;SG21;C;9;SG23;C;9
IFTMBF:D:94A:UN::SG15;SG15;NAD;M;1;DTM;C;1
IFTMBF:D:94A:UN::SG16;SG16;MEA;M;1;EQN;C;1
IFTMBF:D:94A:UN::SG17;SG17;DIM;M;1;EQN;C;1
IFTMBF:D:94A:UN::SG18;SG18;RFF;M;1;DTM;C;9
IFTMBF:D:94A:UN::SG19;SG19;PCI;M;1;RFF;C;1;DTM;C;1
IFTMBF:D:94A:UN::SG2;SG02;TOD;M;1;LOC;C;9
IFTMBF:D:94A:UN::SG20;SG20;DOC;M;1;DTM;C;9
IFTMBF:D:94A:UN::SG21;SG21;TPL;M;1;SG22;C;9
IFTMBF:D:94A:UN::SG22;SG22;MEA;M;1;EQN;C;1
IFTMBF:D:94A:UN::SG23;SG23;DGS;M;1;FTX;C;99;SG24;C;9;SG25;C;9;SG26;C;999
IFTMBF:D:94A:UN::SG24;SG24;CTA;M;1;COM;C;9
IFTMBF:D:94A:UN::SG25;SG25;MEA;M;1;EQN;C;1
IFTMBF:D:94A:UN::SG26;SG26;SGP;M;1;SG27;C;9
IFTMBF:D:94A:UN::SG27;SG27;MEA;M;1;EQN;C;1
IFTMBF:D:94A:UN::SG28;SG28;EQD;M;1;EQN;C;1;TMD;C;1;MEA;C;9;DIM;C;9;TPL;C;9;HAN;C;1;TMP;C;1;FTX;C;9;SG29;C;9
IFTMBF:D:94A:UN::SG29;SG29;NAD;M;1;DTM;C;1
IFTMBF:D:94A:UN::SG3;SG03;RFF;M;1;DTM;C;9
IFTMBF:D:94A:UN::SG4;SG04;GOR;M;1;FTX;C;9;SG5;C;9
IFTMBF:D:94A:UN::SG5;SG05;DOC;M;1;DTM;C;1
IFTMBF:D:94A:UN::SG6;SG06;TCC;M;1;LOC;C;1;FTX;C;1;CUX;C;1;PRI;C;1;EQN;C;1;PCD;C;1;MOA;C;9;QTY;C;9
IFTMBF:D:94A:UN::SG7;SG07;TDT;M;1;DTM;C;9;TSR;C;9;LOC;C;99;SG8;C;9
IFTMBF:D:94A:UN::SG8;SG08;RFF;M;1;DTM;C;1
IFTMBF:D:94A:UN::SG9;SG09;NAD;M;1;LOC;C;9;SG10;C;9;SG11;C;9;SG12;C;9;SG13;C;9
IFTMBP:D:94A:UN::;Provisional booking message;UNH;M;1;BGM;M;1;CTA;C;1;COM;C;9;DTM;C;9;TSR;C;9;FTX;C;99;CNT;C;9;SG1;C;99;SG2;C;99;SG3;C;9;SG5;M;99;SG7;C;99;SG12;C;999;SG25;C;999;UNT;M;1
IFTMBP:D:94A:UN::SG1;SG01;LOC;M;1;DTM;C;9
IFTMBP:D:94A:UN::SG10;SG10;RFF;M;1;DTM;C;9
IFTMBP:D:94A:UN::SG11;SG11;CPI;M;1;CUX;C;1;LOC;C;9;MOA;C;9
IFTMBP:D:94A:UN::SG12;SG12;GID;M;1;HAN;C;1;TMP;C;1;RNG;C;1;TMD;C;1;LOC;C;9;FTX;C;9;SG13;C;9;SG14;C;9;SG14;C;99;SG15;C;99;SG16;C;9;SG17;C;9;SG18;C;9;SG20;C;9
IFTMBP:D:94A:UN::SG13;SG13;NAD;M;1;DTM;C;1
IFTMBP:D:94A:UN::SG14;SG14;MEA;M;1;EQN;C;1
IFTMBP:D:94A:UN::SG15;SG15;DIM;M;1;EQN;C;1
IFTMBP:D:94A:UN::SG16;SG16;RFF;M;1;DTM;C;9
IFTMBP:D:94A:UN::SG17;SG17;DOC;M;1;DTM;C;9
IFTMBP:D:94A:UN::SG18;SG18;TPL;M;1;SG19;C;9
IFTMBP:D:94A:UN::SG19;SG19;MEA;M;1;EQN;C;1
IFTMBP:D:94A:UN::SG2;SG02;RFF;M;1;DTM;C;9
IFTMBP:D:94A:UN::SG20;SG20;DGS;M;1;FTX;C;99;SG21;C;9;SG22;C;9;SG23;C;999
IFTMBP:D:94A:UN::SG21;SG21;CTA;M;1;COM;C;9
IFTMBP:D:94A:UN::SG22;SG22;MEA;M;1;EQN;C;1
IFTMBP:D:94A:UN::SG23;SG23;SGP;M;1;SG24;C;9
IFTMBP:D:94A:UN::SG24;SG24;MEA;M;1;EQN;C;1
IFTMBP:D:94A:UN::SG25;SG25;EQD;M;1;EQN;C;1;TMD;C;1;MEA;C;9;DIM;C;9;TPL;C;9;HAN;C;1;TMP;C;1;FTX;C;9;SG26;C;9
IFTMBP:D:94A:UN::SG26;SG26;NAD;M;1;DTM;C;1
IFTMBP:D:94A:UN::SG3;SG03;GOR;M;1;FTX;C;9;SG4;C;9
IFTMBP:D:94A:UN::SG4;SG04;DOC;M;1;DTM;C;1
IFTMBP:D:94A:UN::SG5;SG05;TDT;M;1;DTM;C;9;TSR;C;9;LOC;C;99;SG6;C;9
IFTMBP:D:94A:UN::SG6;SG06;RFF;M;1;DTM;C;1
IFTMBP:D:94A:UN::SG7;SG07;NAD;M;1;LOC;C;9;SG8;C;9;SG9;C;9;SG10;C;9;SG11;C;9
IFTMBP:D:94A:UN::SG8;SG08;CTA;M;1;COM;C;9
IFTMBP:D:94A:UN::SG9;SG09;DOC;M;1;DTM;C;1
IFTMCS:D:94A:UN::;Instruction contract status message;UNH;M;1;BGM;M;1;CTA;C;1;COM;C;9;DTM;C;9;TSR;C;9;CUX;C;9;MOA;C;99;FTX;C;99;CNT;C;9;SG1;C;99;SG2;C;1;SG3;C;99;SG4;C;9;SG6;C;9;SG7;C;99;SG8;M;99;SG10;C;99;SG16;C;999;SG33;C;999;UNT;M;1
IFTMCS:D:94A:UN::SG1;SG01;LOC;M;1;DTM;C;9
IFTMCS:D:94A:UN::SG10;SG10;NAD;M;1;LOC;C;9;MOA;C;9;SG11;C;9;SG12;C;9;SG13;C;99;SG14;C;9;SG15;C;9
IFTMCS:D:94A:UN::SG11;SG11;CTA;M;1;COM;C;9
IFTMCS:D:94A:UN::SG12;SG12;DOC;M;1;DTM;C;1
IFTMCS:D:94A:UN::SG13;SG13;TCC;M;1;PRI;C;1;EQN;C;1;PCD;C;1;MOA;C;9;QTY;C;9
IFTMCS:D:94A:UN::SG14;SG14;RFF;M;1;DTM;C;9
IFTMCS:D:94A:UN::SG15;SG15;CPI;M;1;CUX;C;1;LOC;C;9;MOA;C;9
IFTMCS:D:94A:UN::SG16;SG16;GID;M;1;HAN;C;1;TMP;C;1;RNG;C;1;TMD;C;1;LOC;C;9;MOA;C;9;PIA;C;9;FTX;C;9;SG17;C;9;SG18;C;9;SG18;C;99;SG19;C;99;SG20;C;9;SG21;C;9;SG22;C;9;SG23;C;9;SG25;C;999;SG27;C;99;SG28;C;9
IFTMCS:D:94A:UN::SG17;SG17;NAD;M;1;DTM;C;1
IFTMCS:D:94A:UN::SG18;SG18;MEA;M;1;EQN;C;1
IFTMCS:D:94A:UN::SG19;SG19;DIM;M;1;EQN;C;1
IFTMCS:D:94A:UN::SG2;SG02;TOD;M;1;LOC;C;9
IFTMCS:D:94A:UN::SG20;SG20;RFF;M;1;DTM;C;9
IFTMCS:D:94A:UN::SG21;SG21;PCI;M;1;RFF;C;1;DTM;C;1
IFTMCS:D:94A:UN::SG22;SG22;DOC;M;1;DTM;C;9
IFTMCS:D:94A:UN::SG23;SG23;TPL;M;1;SG24;C;9
IFTMCS:D:94A:UN::SG24;SG24;MEA;M;1;EQN;C;1
IFTMCS:D:94A:UN::SG25;SG25;SGP;M;1;SG26;C;9
IFTMCS:D:94A:UN::SG26;SG26;MEA;M;1;EQN;C;1
IFTMCS:D:94A:UN::SG27;SG27;TCC;M;1;PRI;C;1;EQN;C;1;PCD;C;1;MOA;C;9;QTY;C;9;LOC;C;9
IFTMCS:D:94A:UN::SG28;SG28;DGS;M;1;FTX;C;99;SG29;C;9;SG30;C;9;SG31;C;999
IFTMCS:D:94A:UN::SG29;SG29;CTA;M;1;COM;C;9
IFTMCS:D:94A:UN::SG3;SG03;RFF;M;1;DTM;C;9
IFTMCS:D:94A:UN::SG30;SG30;MEA;M;1;EQN;C;1
IFTMCS:D:94A:UN::SG31;SG31;SGP;M;1;SG32;C;9
IFTMCS:D:94A:UN::SG32;SG32;MEA;M;1;EQN;C;1
IFTMCS:D:94A:UN::SG33;SG33;EQD;M;1;EQN;C;1;TMD;C;1;MEA;C;9;DIM;C;9;SEL;C;99;TPL;C;9;HAN;C;1;TMP;C;1;FTX;C;9;SG34;C;99;SG35;C;9;SG36;C;99
IFTMCS:D:94A:UN::SG34;SG34;TCC;M;1;PRI;C;1;EQN;C;1;PCD;C;1;MOA;C;9;QTY;C;9
IFTMCS:D:94A:UN::SG35;SG35;NAD;M;1;DTM;C;1
IFTMCS:D:94A:UN::SG36;SG36;EQA;M;1;EQN;C;1
IFTMCS:D:94A:UN::SG4;SG04;GOR;M;1;DTM;C;9;LOC;C;9;SEL;C;9;FTX;C;9;SG5;C;9
IFTMCS:D:94A:UN::SG5;SG05;DOC;M;1;DTM;C;1
IFTMCS:D:94A:UN::SG6;SG06;CPI;M;1;CUX;C;1;LOC;C;9;MOA;C;9
IFTMCS:D:94A:UN::SG7;SG07;TCC;M;1;LOC;C;1;FTX;C;1;CUX;C;1;PRI;C;1;EQN;C;1;PCD;C;1;MOA;C;9;QTY;C;9
IFTMCS:D:94A:UN::SG8;SG08;TDT;M;1;DTM;C;9;TSR;C;9;LOC;C;99;SG9;C;9
IFTMCS:D:94A:UN::SG9;SG09;RFF;M;1;DTM;C;1
IFTMIN:D:94A:UN::;Instruction message;UNH;M;1;BGM;M;1;CTA;C;1;COM;C;9;DTM;C;9;TSR;C;9;CUX;C;9;MOA;C;99;FTX;C;99;CNT;C;9;SG1;C;99;SG2;C;1;SG3;C;99;SG4;C;9;SG6;C;9;SG7;C;99;SG8;M;99;SG10;M;99;SG16;C;999;SG33;C;999;UNT;M;1
IFTMIN:D:94A:UN::SG1;SG01;LOC;M;1;DTM;C;9
IFTMIN:D:94A:UN::SG10;SG10;NAD;M;1;LOC;C;9;MOA;C;9;SG11;C;9;SG12;C;9;SG13;C;99;SG14;C;9;SG15;C;9
IFTMIN:D:94A:UN::SG11;SG11;CTA;M;1;COM;C;9
IFTMIN:D:94A:UN::SG12;SG12;DOC;M;1;DTM;C;1
IFTMIN:D:94A:UN::SG13;SG13;TCC;M;1;PRI;C;1;EQN;C;1;PCD;C;1;MOA;C;9;QTY;C;9
IFTMIN:D:94A:UN::SG14;SG14;RFF;M;1;DTM;C;9
IFTMIN:D:94A:UN::SG15;SG15;CPI;M;1;CUX;C;1;LOC;C;9;MOA;C;9
IFTMIN:D:94A:UN::SG16;SG16;GID;M;1;HAN;C;1;TMP;C;1;RNG;C;1;TMD;C;1;LOC;C;9;MOA;C;9;PIA;C;9;FTX;C;9;SG17;C;9;SG18;C;9;SG18;C;99;SG19;C;99;SG20;C;9;SG21;C;9;SG22;C;9;SG23;C;9;SG25;C;999;SG27;C;99;SG28;C;9
IFTMIN:D:94A:UN::SG17;SG17;NAD;M;1;DTM;C;1
IFTMIN:D:94A:UN::SG18;SG18;MEA;M;1;EQN;C;1
IFTMIN:D:94A:UN::SG19;SG19;DIM;M;1;EQN;C;1
IFTMIN:D:94A:UN::SG2;SG02;TOD;M;1;LOC;C;9
IFTMIN:D:94A:UN::SG20;SG20;RFF;M;1;DTM;C;9
IFTMIN:D:94A:UN::SG21;SG21;PCI;M;1;RFF;C;1;DTM;C;1
IFTMIN:D:94A:UN::SG22;SG22;DOC;M;1;DTM;C;9
IFTMIN:D:94A:UN::SG23;SG23;TPL;M;1;SG24;C;9
IFTMIN:D:94A:UN::SG24;SG24;MEA;M;1;EQN;C;1
IFTMIN:D:94A:UN::SG25;SG25;SGP;M;1;SG26;C;9
IFTMIN:D:94A:UN::SG26;SG26;MEA;M;1;EQN;C;1
IFTMIN:D:94A:UN::SG27;SG27;TCC;M;1;PRI;C;1;EQN;C;1;PCD;C;1;MOA;C;9;QTY;C;9;LOC;C;9
IFTMIN:D:94A:UN::SG28;SG28;DGS;M;1;FTX;C;99;SG29;C;9;SG30;C;9;SG31;C;999
IFTMIN:D:94A:UN::SG29;SG29;CTA;M;1;COM;C;9
IFTMIN:D:94A:UN::SG3;SG03;RFF;M;1;DTM;C;9
IFTMIN:D:94A:UN::SG30;SG30;MEA;M;1;EQN;C;1
IFTMIN:D:94A:UN::SG31;SG31;SGP;M;1;SG32;C;9
IFTMIN:D:94A:UN::SG32;SG32;MEA;M;1;EQN;C;1
IFTMIN:D:94A:UN::SG33;SG33;EQD;M;1;EQN;C;1;TMD;C;1;MEA;C;9;DIM;C;9;SEL;C;99;TPL;C;9;HAN;C;1;TMP;C;1;FTX;C;9;SG34;C;99;SG35;C;9;SG36;C;99
IFTMIN:D:94A:UN::SG34;SG34;TCC;M;1;PRI;C;1;EQN;C;1;PCD;C;1;MOA;C;9;QTY;C;9
IFTMIN:D:94A:UN::SG35;SG35;NAD;M;1;DTM;C;1
IFTMIN:D:94A:UN::SG36;SG36;EQA;M;1;EQN;C;1
IFTMIN:D:94A:UN::SG4;SG04;GOR;M;1;DTM;C;9;LOC;C;9;SEL;C;9;FTX;C;9;SG5;C;9
IFTMIN:D:94A:UN::SG5;SG05;DOC;M;1;DTM;C;1
IFTMIN:D:94A:UN::SG6;SG06;CPI;M;1;CUX;C;1;LOC;C;9;MOA;C;9
IFTMIN:D:94A:UN::SG7;SG07;TCC;M;1;LOC;C;1;FTX;C;1;CUX;C;1;PRI;C;1;EQN;C;1;PCD;C;1;MOA;C;9;QTY;C;9
IFTMIN:D:94A:UN::SG8;SG08;TDT;M;1;DTM;C;9;TSR;C;9;LOC;C;99;SG9;C;9
IFTMIN:D:94A:UN::SG9;SG09;RFF;M;1;DTM;C;1
IFTRIN:D:94A:UN::;Forwarding and transport rate information message;UNH;M;1;BGM;M;1;DTM;C;9;FTX;C;99;RFF;C;9;SG1;C;9;SG2;C;999;UNT;M;1
IFTRIN:D:94A:UN::SG1;SG01;LOC;M;1;DTM;C;9
IFTRIN:D:94A:UN::SG2;SG02;TDT;M;1;DTM;C;9;LOC;C;9;RFF;C;9;CUX;C;9;MEA;C;9;SG3;C;99
IFTRIN:D:94A:UN::SG3;SG03;TCC;M;1;EQN;C;9;PCD;C;9;QTY;C;9;PRI;C;9;MOA;C;9
IFTSAI:D:94A:UN::;Forwarding and transport schedule and availability information;UNH;M;1;BGM;M;1;DTM;C;9;FTX;C;99;RFF;C;9;SG1;C;9;SG2;C;9;SG3;C;999;SG5;C;9;SG7;C;9;UNT;M;1
IFTSAI:D:94A:UN::SG1;SG01;LOC;M;1;DTM;C;9
IFTSAI:D:94A:UN::SG10;SG10;DIM;M;1;EQN;C;9
IFTSAI:D:94A:UN::SG11;SG11;DGS;M;1;FTX;C;9
IFTSAI:D:94A:UN::SG2;SG02;EQD;M;1;EQN;C;9;MEA;C;9;DIM;C;9;FTX;C;9
IFTSAI:D:94A:UN::SG3;SG03;TDT;M;1;DTM;C;9;TSR;C;9;FTX;C;9;EQD;C;99;QTY;C;9;MEA;C;9;SG4;C;99
IFTSAI:D:94A:UN::SG4;SG04;LOC;M;1;DTM;C;9
IFTSAI:D:94A:UN::SG5;SG05;NAD;M;1;LOC;C;9;SG6;C;9
IFTSAI:D:94A:UN::SG6;SG06;CTA;M;1;COM;C;9
IFTSAI:D:94A:UN::SG7;SG07;GID;M;1;HAN;C;9;FTX;C;9;SG8;C;9;SG9;C;9;SG10;C;9;SG11;C;9
IFTSAI:D:94A:UN::SG8;SG08;GDS;M;1;FTX;C;9
IFTSAI:D:94A:UN::SG9;SG09;MEA;M;1;EQN;C;9
IFTSTA:D:94A:UN::;International multimodal status report message;UNH;M;1;BGM;M;1;DTM;C;9;TSR;C;1;NAD;C;9;RFF;C;9;LOC;C;9;FTX;C;9;CNT;C;9;SG1;C;999;UNT;M;1
IFTSTA:D:94A:UN::SG1;SG01;CNI;M;1;LOC;C;9;CNT;C;9;SG2;M;99
IFTSTA:D:94A:UN::SG2;SG02;STS;M;1;RFF;C;9;DTM;C;1;FTX;C;9;NAD;C;9;LOC;C;1;PCI;C;99;SG3;C;99;SG4;C;99;SG6;C;99
IFTSTA:D:94A:UN::SG3;SG03;TDT;M;1;RFF;C;9;LOC;C;9;DTM;C;9
IFTSTA:D:94A:UN::SG4;SG04;EQD;M;1;MEA;C;9;DIM;C;9;SEL;C;9;SG5;C;99
IFTSTA:D:94A:UN::SG5;SG05;EQA;M;1;SEL;C;9
IFTSTA:D:94A:UN::SG6;SG06;GID;M;1;HAN;C;9;PCI;C;99;SG7;C;99;SG8;C;99
IFTSTA:D:94A:UN::SG7;SG07;MEA;M;1;EQN;C;1
IFTSTA:D:94A:UN::SG8;SG08;DIM;M;1;EQN;C;1
IFTSTQ:D:94A:UN::;International multimodal status request message;UNH;M;1;BGM;M;1;DTM;C;9;LOC;C;99;RFF;C;999;TDT;C;99;EQD;C;999;SG1;C;9;SG3;C;999;UNT;M;1
IFTSTQ:D:94A:UN::SG1;SG01;NAD;M;1;SG2;C;9
IFTSTQ:D:94A:UN::SG2;SG02;CTA;M;1;COM;C;9
IFTSTQ:D:94A:UN::SG3;SG03;CNI;M;1;DTM;C;9;LOC;C;99;RFF;C;99;TDT;C;99;EQD;C;99;SG4;C;9
IFTSTQ:D:94A:UN::SG4;SG04;NAD;M;1;SG5;C;9
IFTSTQ:D:94A:UN::SG5;SG05;CTA;M;1;COM;C;9
INSPRE:D:94A:UN::;Insurance premium message;UNH;M;1;BGM;C;1;RFF;C;9;DTM;M;9;SG1;M;9;ICD;C;1;SG2;M;9;SG3;M;3;MOA;M;10;FTX;C;1;SG9;C;15;UNT;M;1
INSPRE:D:94A:UN::SG1;SG01;ATT;M;1;PCD;C;1
INSPRE:D:94A:UN::SG2;SG02;NAD;M;1;ATT;C;1;CTA;C;1;COM;C;3;RFF;C;9
INSPRE:D:94A:UN::SG3;SG03;DTM;M;1;SG4;M;99;CUX;M;1
INSPRE:D:94A:UN::SG4;SG04;ICD;M;1;FTX;C;1;RFF;C;9;SG5;M;99
INSPRE:D:94A:UN::SG5;SG05;MOA;M;1;DTM;C;1;SG6;C;2;SG7;C;2;SG8;C;1
INSPRE:D:94A:UN::SG6;SG06;IND;M;1;DTM;C;1
INSPRE:D:94A:UN::SG7;SG07;ATT;M;1;PCD;C;1
INSPRE:D:94A:UN::SG8;SG08;TAX;M;1;PCD;C;1
INSPRE:D:94A:UN::SG9;SG09;DTM;M;1;MOA;M;1
INVOIC:D:94A:UN::;Invoice message;UNH;M;1;BGM;M;1;DTM;M;35;PAI;C;1;ALI;C;5;IMD;C;1;FTX;C;10;SG1;C;10;SG2;C;20;SG6;C;5;SG7;C;5;SG8;C;10;SG9;C;10;SG11;C;5;SG12;C;1000;SG14;C;15;SG21;C;100;SG22;C;200000;UNS;M;1;CNT;C;10;SG45;M;100;SG47;C;10;SG48;C;15;UNT;M;1
INVOIC:D:94A:UN::SG1;SG01;RFF;M;1;DTM;C;5
INVOIC:D:94A:UN::SG10;SG10;LOC;M;1;DTM;C;5
INVOIC:D:94A:UN::SG11;SG11;TOD;M;1;LOC;C;2
INVOIC:D:94A:UN::SG12;SG12;PAC;M;1;MEA;C;5;SG13;C;5
INVOIC:D:94A:UN::SG13;SG13;PCI;M;1;RFF;C;1;DTM;C;5;GIN;C;5
INVOIC:D:94A:UN::SG14;SG14;ALC;M;1;ALI;C;5;SG15;C;5;SG16;C;1;SG17;C;1;SG18;C;2;SG19;C;1;SG20;C;5
INVOIC:D:94A:UN::SG15;SG15;RFF;M;1;DTM;C;5
INVOIC:D:94A:UN::SG16;SG16;QTY;M;1;RNG;C;1
INVOIC:D:94A:UN::SG17;SG17;PCD;M;1;RNG;C;1
INVOIC:D:94A:UN::SG18;SG18;MOA;M;1;RNG;C;1
INVOIC:D:94A:UN::SG19;SG19;RTE;M;1;RNG;C;1
INVOIC:D:94A:UN::SG2;SG02;NAD;M;1;LOC;C;25;FII;C;5;SG3;C;9999;SG4;C;5;SG5;C;5
INVOIC:D:94A:UN::SG20;SG20;TAX;M;1;MOA;C;1
INVOIC:D:94A:UN::SG21;SG21;RCS;M;1;RFF;C;5;DTM;C;5;FTX;C;5
INVOIC:D:94A:UN::SG22;SG22;LIN;M;1;PIA;C;25;IMD;C;10;MEA;C;5;QTY;C;5;PCD;C;1;ALI;C;5;DTM;C;35;GIN;C;1000;GIR;C;1000;QVA;C;1;FTX;C;5;SG23;C;5;SG24;C;10;SG25;C;25;SG26;C;10;SG27;C;10;SG29;C;100;SG30;C;5;SG31;C;20;SG35;C;15;SG41;C;10;SG43;C;5;SG44;C;100
INVOIC:D:94A:UN::SG23;SG23;MOA;M;1;CUX;C;1
INVOIC:D:94A:UN::SG24;SG24;PAT;M;1;DTM;C;5;PCD;C;1;MOA;C;1
INVOIC:D:94A:UN::SG25;SG25;PRI;M;1;API;C;1;RNG;C;1;DTM;C;5
INVOIC:D:94A:UN::SG26;SG26;RFF;M;1;DTM;C;5
INVOIC:D:94A:UN::SG27;SG27;PAC;M;1;MEA;C;10;SG28;C;10
INVOIC:D:94A:UN::SG28;SG28;PCI;M;1;RFF;C;1;DTM;C;5;GIN;C;10
INVOIC:D:94A:UN::SG29;SG29;LOC;M;1;QTY;C;1;DTM;C;5
INVOIC:D:94A:UN::SG3;SG03;RFF;M;1;DTM;C;5
INVOIC:D:94A:UN::SG30;SG30;TAX;M;1;MOA;C;1;LOC;C;5
INVOIC:D:94A:UN::SG31;SG31;NAD;M;1;LOC;C;5;SG32;C;5;SG33;C;5;SG34;C;5
INVOIC:D:94A:UN::SG32;SG32;RFF;M;1;DTM;C;5
INVOIC:D:94A:UN::SG33;SG33;DOC;M;1;DTM;C;5
INVOIC:D:94A:UN::SG34;SG34;CTA;M;1;COM;C;5
INVOIC:D:94A:UN::SG35;SG35;ALC;M;1;ALI;C;5;SG36;C;1;SG37;C;1;SG38;C;2;SG39;C;1;SG40;C;5
INVOIC:D:94A:UN::SG36;SG36;QTY;M;1;RNG;C;1
INVOIC:D:94A:UN::SG37;SG37;PCD;M;1;RNG;C;1
INVOIC:D:94A:UN::SG38;SG38;MOA;M;1;RNG;C;1
INVOIC:D:94A:UN::SG39;SG39;RTE;M;1;RNG;C;1
INVOIC:D:94A:UN::SG4;SG04;DOC;M;1;DTM;C;5
INVOIC:D:94A:UN::SG40;SG40;TAX;M;1;MOA;C;1
INVOIC:D:94A:UN::SG41;SG41;TDT;M;1;SG42;C;10
INVOIC:D:94A:UN::SG42;SG42;LOC;M;1;DTM;C;5
INVOIC:D:94A:UN::SG43;SG43;TOD;M;1;LOC;C;2
INVOIC:D:94A:UN::SG44;SG44;RCS;M;1;RFF;C;5;DTM;C;5;FTX;C;5
INVOIC:D:94A:UN::SG45;SG45;MOA;M;1;SG46;C;1
INVOIC:D:94A:UN::SG46;SG46;RFF;M;1;DTM;C;5
INVOIC:D:94A:UN::SG47;SG47;TAX;M;1;MOA;C;2
INVOIC:D:94A:UN::SG48;SG48;ALC;M;1;ALI;C;1;MOA;C;2
INVOIC:D:94A:UN::SG5;SG05;CTA;M;1;COM;C;5
INVOIC:D:94A:UN::SG6;SG06;TAX;M;1;MOA;C;1;LOC;C;5
INVOIC:D:94A:UN::SG7;SG07;CUX;M;1;DTM;C;5
INVOIC:D:94A:UN::SG8;SG08;PAT;M;1;DTM;C;5;PCD;C;1;MOA;C;1
INVOIC:D:94A:UN::SG9;SG09;TDT;M;1;SG10;C;10
INVRPT:D:94A:UN::;Inventory report message;UNH;M;1;BGM;M;1;DTM;C;10;SG1;C;10;SG2;C;20;SG5;C;5;SG6;C;9999;SG9;C;9999;UNT;M;1
INVRPT:D:94A:UN::SG1;SG01;RFF;M;1;DTM;C;1
INVRPT:D:94A:UN::SG10;SG10;RFF;M;1;DTM;C;1
INVRPT:D:94A:UN::SG11;SG11;QTY;M;1;INV;C;1;GIN;C;9999;LOC;C;5;DTM;C;5;SG12;C;5;SG13;C;5;SG14;C;10;SG15;C;9999
INVRPT:D:94A:UN::SG12;SG12;NAD;M;1;LOC;C;1
INVRPT:D:94A:UN::SG13;SG13;PRI;M;1;CUX;C;1;DTM;C;1
INVRPT:D:94A:UN::SG14;SG14;RFF;M;1;DTM;C;1
INVRPT:D:94A:UN::SG15;SG15;CPS;M;1;SG16;C;9999
INVRPT:D:94A:UN::SG16;SG16;PAC;M;1;MEA;C;10;QTY;C;10;SG17;C;9999
INVRPT:D:94A:UN::SG17;SG17;PCI;M;1;RFF;C;1;DTM;C;5;GIN;C;9999
INVRPT:D:94A:UN::SG2;SG02;NAD;M;1;LOC;C;5;SG3;C;10;SG4;C;10
INVRPT:D:94A:UN::SG3;SG03;RFF;M;1;DTM;C;1
INVRPT:D:94A:UN::SG4;SG04;CTA;M;1;COM;C;5
INVRPT:D:94A:UN::SG5;SG05;CUX;M;1;DTM;C;1
INVRPT:D:94A:UN::SG6;SG06;CPS;M;1;SG7;C;999
INVRPT:D:94A:UN::SG7;SG07;PAC;M;1;PCI;C;1000;SG8;C;9999
INVRPT:D:94A:UN::SG8;SG08;QTY;M;1;GIN;C;9999;DTM;C;5
INVRPT:D:94A:UN::SG9;SG09;LIN;M;1;PIA;C;10;IMD;C;10;MEA;C;10;ALI;C;10;LOC;C;5;DTM;C;5;SG10;C;10;SG11;C;9999
MOVINS:D:94A:UN::;Stowage instruction message;UNH;M;1;BGM;M;1;DTM;M;1;RFF;C;1;NAD;C;3;SG1;M;3;SG2;M;9999;UNT;M;1
MOVINS:D:94A:UN::SG1;SG01;TDT;M;1;LOC;M;1;DTM;M;99;RFF;C;1;FTX;C;1
MOVINS:D:94A:UN::SG2;SG02;HAN;M;1;SG3;M;9999
MOVINS:D:94A:UN::SG3;SG03;LOC;M;1;RFF;M;99;FTX;C;9;MEA;C;9;DIM;C;9;LOC;C;9;NAD;M;99;SG4;C;1;SG5;C;99;SG6;C;99;SG7;C;9999;SG8;C;999
MOVINS:D:94A:UN::SG4;SG04;TMP;M;1;RNG;C;1
MOVINS:D:94A:UN::SG5;SG05;EQD;M;1;EQN;C;1
MOVINS:D:94A:UN::SG6;SG06;EQA;M;1;EQN;C;1
MOVINS:D:94A:UN::SG7;SG07;GID;M;1;GDS;C;1
MOVINS:D:94A:UN::SG8;SG08;RFF;M;1;SG9;M;99
MOVINS:D:94A:UN::SG9;SG09;DGS;M;1;FTX;C;1
ORDCHG:D:94A:UN::;Purchase order change request message;UNH;M;1;BGM;M;1;DTM;M;35;PAI;C;1;ALI;C;5;IMD;C;1;FTX;C;5;SG1;C;10;SG2;C;20;SG6;C;5;SG7;C;5;SG8;C;10;SG9;C;10;SG11;C;5;SG12;C;10;SG14;C;10;SG15;C;10;SG17;C;25;SG18;C;15;SG24;C;100;SG25;C;200000;UNS;M;1;MOA;C;12;CNT;C;10;SG53;C;10;UNT;M;1
ORDCHG:D:94A:UN::SG1;SG01;RFF;M;1;DTM;C;5
ORDCHG:D:94A:UN::SG10;SG10;LOC;M;1;DTM;C;5
ORDCHG:D:94A:UN::SG11;SG11;TOD;M;1;LOC;C;2
ORDCHG:D:94A:UN::SG12;SG12;PAC;M;1;MEA;C;5;SG13;C;5
ORDCHG:D:94A:UN::SG13;SG13;PCI;M;1;RFF;C;1;DTM;C;5;GIN;C;10
ORDCHG:D:94A:UN::SG14;SG14;EQD;M;1;HAN;C;5;MEA;C;5;FTX;C;5
ORDCHG:D:94A:UN::SG15;SG15;SCC;M;1;FTX;C;5;RFF;C;5;SG16;C;10
ORDCHG:D:94A:UN::SG16;SG16;QTY;M;1;DTM;C;5
ORDCHG:D:94A:UN::SG17;SG17;API;M;1;DTM;C;5;RNG;C;1
ORDCHG:D:94A:UN::SG18;SG18;ALC;M;1;ALI;C;5;DTM;C;5;SG19;C;1;SG20;C;1;SG21;C;2;SG22;C;1;SG23;C;5
ORDCHG:D:94A:UN::SG19;SG19;QTY;M;1;RNG;C;1
ORDCHG:D:94A:UN::SG2;SG02;NAD;M;1;LOC;C;25;FII;C;5;SG3;C;10;SG4;C;5;SG5;C;5
ORDCHG:D:94A:UN::SG20;SG20;PCD;M;1;RNG;C;1
ORDCHG:D:94A:UN::SG21;SG21;MOA;M;1;RNG;C;1
ORDCHG:D:94A:UN::SG22;SG22;RTE;M;1;RNG;C;1
ORDCHG:D:94A:UN::SG23;SG23;TAX;M;1;MOA;C;1
ORDCHG:D:94A:UN::SG24;SG24;RCS;M;1;RFF;C;5;DTM;C;5;FTX;C;5
ORDCHG:D:94A:UN::SG25;SG25;LIN;M;1;PIA;C;25;IMD;C;10;MEA;C;5;QTY;C;10;PCD;C;5;ALI;C;5;DTM;C;35;MOA;C;5;GIN;C;1000;GIR;C;1000;QVA;C;1;DOC;C;5;PAI;C;1;FTX;C;5;SG26;C;10;SG27;C;25;SG28;C;10;SG29;C;10;SG32;C;100;SG33;C;5;SG34;C;10;SG38;C;15;SG44;C;10;SG46;C;5;SG47;C;10;SG48;C;100;SG50;C;100;SG51;C;10
ORDCHG:D:94A:UN::SG26;SG26;PAT;M;1;DTM;C;5;PCD;C;1;MOA;C;1
ORDCHG:D:94A:UN::SG27;SG27;PRI;M;1;CUX;C;1;API;C;1;RNG;C;1;DTM;C;5
ORDCHG:D:94A:UN::SG28;SG28;RFF;M;1;DTM;C;5
ORDCHG:D:94A:UN::SG29;SG29;PAC;M;1;MEA;C;5;QTY;C;5;DTM;C;5;SG30;C;1;SG31;C;5
ORDCHG:D:94A:UN::SG3;SG03;RFF;M;1;DTM;C;5
ORDCHG:D:94A:UN::SG30;SG30;RFF;M;1;DTM;C;5
ORDCHG:D:94A:UN::SG31;SG31;PCI;M;1;RFF;C;1;DTM;C;5;GIN;C;10
ORDCHG:D:94A:UN::SG32;SG32;LOC;M;1;QTY;C;1;DTM;C;5
ORDCHG:D:94A:UN::SG33;SG33;TAX;M;1;MOA;C;1;LOC;C;5
ORDCHG:D:94A:UN::SG34;SG34;NAD;M;1;LOC;C;5;SG35;C;5;SG36;C;5;SG37;C;5
ORDCHG:D:94A:UN::SG35;SG35;RFF;M;1;DTM;C;5
ORDCHG:D:94A:UN::SG36;SG36;DOC;M;1;DTM;C;5
ORDCHG:D:94A:UN::SG37;SG37;CTA;M;1;COM;C;5
ORDCHG:D:94A:UN::SG38;SG38;ALC;M;1;ALI;C;5;DTM;C;5;SG39;C;1;SG40;C;1;SG41;C;2;SG42;C;1;SG43;C;5
ORDCHG:D:94A:UN::SG39;SG39;QTY;M;1;RNG;C;1
ORDCHG:D:94A:UN::SG4;SG04;DOC;M;1;DTM;C;5
ORDCHG:D:94A:UN::SG40;SG40;PCD;M;1;RNG;C;1
ORDCHG:D:94A:UN::SG41;SG41;MOA;M;1;RNG;C;1
ORDCHG:D:94A:UN::SG42;SG42;RTE;M;1;RNG;C;1
ORDCHG:D:94A:UN::SG43;SG43;TAX;M;1;MOA;C;1
ORDCHG:D:94A:UN::SG44;SG44;TDT;M;1;SG45;C;10
ORDCHG:D:94A:UN::SG45;SG45;LOC;M;1;DTM;C;5
ORDCHG:D:94A:UN::SG46;SG46;TOD;M;1;LOC;C;2
ORDCHG:D:94A:UN::SG47;SG47;EQD;M;1;HAN;C;5;MEA;C;5;FTX;C;5
ORDCHG:D:94A:UN::SG48;SG48;SCC;M;1;FTX;C;5;RFF;C;5;SG49;C;10
ORDCHG:D:94A:UN::SG49;SG49;QTY;M;1;DTM;C;5
ORDCHG:D:94A:UN::SG5;SG05;CTA;M;1;COM;C;5
ORDCHG:D:94A:UN::SG50;SG50;RCS;M;1;RFF;C;5;DTM;C;5;FTX;C;5
ORDCHG:D:94A:UN::SG51;SG51;STG;M;1;SG52;C;3
ORDCHG:D:94A:UN::SG52;SG52;QTY;M;1;MOA;C;1
ORDCHG:D:94A:UN::SG53;SG53;ALC;M;1;ALI;C;1;MOA;M;2
ORDCHG:D:94A:UN::SG6;SG06;TAX;M;1;MOA;C;1;LOC;C;5
ORDCHG:D:94A:UN::SG7;SG07;CUX;M;1;PCD;C;5;DTM;C;5
ORDCHG:D:94A:UN::SG8;SG08;PAT;M;1;DTM;C;5;PCD;C;1;MOA;C;1
ORDCHG:D:94A:UN::SG9;SG09;TDT;M;1;SG10;C;10
ORDERS:D:94A:UN::;Purchase order message;UNH;M;1;BGM;M;1;DTM;M;35;PAI;C;1;ALI;C;5;IMD;C;1;FTX;C;5;SG1;C;10;SG2;C;20;SG6;C;5;SG7;C;5;SG8;C;10;SG9;C;10;SG11;C;5;SG12;C;10;SG14;C;10;SG15;C;10;SG17;C;25;SG18;C;15;SG24;C;100;SG25;C;200000;UNS;M;1;MOA;C;12;CNT;C;10;SG53;C;10;UNT;M;1
ORDERS:D:94A:UN::SG1;SG01;RFF;M;1;DTM;C;5
ORDERS:D:94A:UN::SG10;SG10;LOC;M;1;DTM;C;5
ORDERS:D:94A:UN::SG11;SG11;TOD;M;1;LOC;C;2
ORDERS:D:94A:UN::SG12;SG12;PAC;M;1;MEA;C;5;SG13;C;5
ORDERS:D:94A:UN::SG13;SG13;PCI;M;1;RFF;C;1;DTM;C;5;GIN;C;10
ORDERS:D:94A:UN::SG14;SG14;EQD;M;1;HAN;C;5;MEA;C;5;FTX;C;5
ORDERS:D:94A:UN::SG15;SG15;SCC;M;1;FTX;C;5;RFF;C;5;SG16;C;10
ORDERS:D:94A:UN::SG16;SG16;QTY;M;1;DTM;C;5
ORDERS:D:94A:UN::SG17;SG17;API;M;1;DTM;C;5;RNG;C;1
ORDERS:D:94A:UN::SG18;SG18;ALC;M;1;ALI;C;5;DTM;C;5;SG19;C;1;SG20;C;1;SG21;C;2;SG22;C;1;SG23;C;5
ORDERS:D:94A:UN::SG19;SG19;QTY;M;1;RNG;C;1
ORDERS:D:94A:UN::SG2;SG02;NAD;M;1;LOC;C;25;FII;C;5;SG3;C;10;SG4;C;5;SG5;C;5
ORDERS:D:94A:UN::SG20;SG20;PCD;M;1;RNG;C;1
ORDERS:D:94A:UN::SG21;SG21;MOA;M;1;RNG;C;1
ORDERS:D:94A:UN::SG22;SG22;RTE;M;1;RNG;C;1
ORDERS:D:94A:UN::SG23;SG23;TAX;M;1;MOA;C;1
ORDERS:D:94A:UN::SG24;SG24;RCS;M;1;RFF;C;5;DTM;C;5;FTX;C;5
ORDERS:D:94A:UN::SG25;SG25;LIN;M;1;PIA;C;25;IMD;C;10;MEA;C;5;QTY;C;10;PCD;C;5;ALI;C;5;DTM;C;35;MOA;C;5;GIN;C;1000;GIR;C;1000;QVA;C;1;DOC;C;5;PAI;C;1;FTX;C;5;SG26;C;10;SG27;C;25;SG28;C;10;SG29;C;10;SG32;C;100;SG33;C;5;SG34;C;10;SG38;C;15;SG44;C;10;SG46;C;5;SG47;C;10;SG48;C;100;SG50;C;100;SG51;C;10
ORDERS:D:94A:UN::SG26;SG26;PAT;M;1;DTM;C;5;PCD;C;1;MOA;C;1
ORDERS:D:94A:UN::SG27;SG27;PRI;M;1;CUX;C;1;API;C;1;RNG;C;1;DTM;C;5
ORDERS:D:94A:UN::SG28;SG28;RFF;M;1;DTM;C;5
ORDERS:D:94A:UN::SG29;SG29;PAC;M;1;MEA;C;5;QTY;C;5;DTM;C;5;SG30;C;1;SG31;C;5
ORDERS:D:94A:UN::SG3;SG03;RFF;M;1;DTM;C;5
ORDERS:D:94A:UN::SG30;SG30;RFF;M;1;DTM;C;5
ORDERS:D:94A:UN::SG31;SG31;PCI;M;1;RFF;C;1;DTM;C;5;GIN;C;10
ORDERS:D:94A:UN::SG32;SG32;LOC;M;1;QTY;C;1;DTM;C;5
ORDERS:D:94A:UN::SG33;SG33;TAX;M;1;MOA;C;1;LOC;C;5
ORDERS:D:94A:UN::SG34;SG34;NAD;M;1;LOC;C;5;SG35;C;5;SG36;C;5;SG37;C;5
ORDERS:D:94A:UN::SG35;SG35;RFF;M;1;DTM;C;5
ORDERS:D:94A:UN::SG36;SG36;DOC;M;1;DTM;C;5
ORDERS:D:94A:UN::SG37;SG37;CTA;M;1;COM;C;5
ORDERS:D:94A:UN::SG38;SG38;ALC;M;1;ALI;C;5;DTM;C;5;SG39;C;1;SG40;C;1;SG41;C;2;SG42;C;1;SG43;C;5
ORDERS:D:94A:UN::SG39;SG39;QTY;M;1;RNG;C;1
ORDERS:D:94A:UN::SG4;SG04;DOC;M;1;DTM;C;5
ORDERS:D:94A:UN::SG40;SG40;PCD;M;1;RNG;C;1
ORDERS:D:94A:UN::SG41;SG41;MOA;M;1;RNG;C;1
ORDERS:D:94A:UN::SG42;SG42;RTE;M;1;RNG;C;1
ORDERS:D:94A:UN::SG43;SG43;TAX;M;1;MOA;C;1
ORDERS:D:94A:UN::SG44;SG44;TDT;M;1;SG45;C;10
ORDERS:D:94A:UN::SG45;SG45;LOC;M;1;DTM;C;5
ORDERS:D:94A:UN::SG46;SG46;TOD;M;1;LOC;C;2
ORDERS:D:94A:UN::SG47;SG47;EQD;M;1;HAN;C;5;MEA;C;5;FTX;C;5
ORDERS:D:94A:UN::SG48;SG48;SCC;M;1;FTX;C;5;RFF;C;5;SG49;C;10
ORDERS:D:94A:UN::SG49;SG49;QTY;M;1;DTM;C;5
ORDERS:D:94A:UN::SG5;SG05;CTA;M;1;COM;C;5
ORDERS:D:94A:UN::SG50;SG50;RCS;M;1;RFF;C;5;DTM;C;5;FTX;C;5
ORDERS:D:94A:UN::SG51;SG51;STG;M;1;SG52;C;3
ORDERS:D:94A:UN::SG52;SG52;QTY;M;1;MOA;C;1
ORDERS:D:94A:UN::SG53;SG53;ALC;M;1;ALI;C;1;MOA;M;2
ORDERS:D:94A:UN::SG6;SG06;TAX;M;1;MOA;C;1;LOC;C;5
ORDERS:D:94A:UN::SG7;SG07;CUX;M;1;PCD;C;5;DTM;C;5
ORDERS:D:94A:UN::SG8;SG08;PAT;M;1;DTM;C;5;PCD;C;1;MOA;C;1
ORDERS:D:94A:UN::SG9;SG09;TDT;M;1;SG10;C;10
ORDRSP:D:94A:UN::;Purchase order response message;UNH;M;1;BGM;M;1;DTM;M;35;PAI;C;1;ALI;C;5;IMD;C;1;FTX;C;5;SG1;C;10;SG2;C;20;SG6;C;5;SG7;C;5;SG8;C;10;SG9;C;10;SG11;C;5;SG12;C;10;SG14;C;10;SG15;C;10;SG17;C;25;SG18;C;15;SG24;C;100;SG25;C;200000;UNS;M;1;MOA;C;12;CNT;C;10;SG53;C;10;UNT;M;1
ORDRSP:D:94A:UN::SG1;SG01;RFF;M;1;DTM;C;5
ORDRSP:D:94A:UN::SG10;SG10;LOC;M;1;DTM;C;5
ORDRSP:D:94A:UN::SG11;SG11;TOD;M;1;LOC;C;2
ORDRSP:D:94A:UN::SG12;SG12;PAC;M;1;MEA;C;5;SG13;C;5
ORDRSP:D:94A:UN::SG13;SG13;PCI;M;1;RFF;C;1;DTM;C;5;GIN;C;10
ORDRSP:D:94A:UN::SG14;SG14;EQD;M;1;HAN;C;5;MEA;C;5;FTX;C;5
ORDRSP:D:94A:UN::SG15;SG15;SCC;M;1;FTX;C;5;RFF;C;5;SG16;C;10
ORDRSP:D:94A:UN::SG16;SG16;QTY;M;1;DTM;C;5
ORDRSP:D:94A:UN::SG17;SG17;API;M;1;DTM;C;5;RNG;C;1
ORDRSP:D:94A:UN::SG18;SG18;ALC;M;1;ALI;C;5;DTM;C;5;SG19;C;1;SG20;C;1;SG21;C;2;SG22;C;1;SG23;C;5
ORDRSP:D:94A:UN::SG19;SG19;QTY;M;1;RNG;C;1
ORDRSP:D:94A:UN::SG2;SG02;NAD;M;1;LOC;C;25;FII;C;5;SG3;C;10;SG4;C;5;SG5;C;5
ORDRSP:D:94A:UN::SG20;SG20;PCD;M;1;RNG;C;1
ORDRSP:D:94A:UN::SG21;SG21;MOA;M;1;RNG;C;1
ORDRSP:D:94A:UN::SG22;SG22;RTE;M;1;RNG;C;1
ORDRSP:D:94A:UN::SG23;SG23;TAX;M;1;MOA;C;1
ORDRSP:D:94A:UN::SG24;SG24;RCS;M;1;RFF;C;5;DTM;C;5;FTX;C;5
ORDRSP:D:94A:UN::SG25;SG25;LIN;M;1;PIA;C;25;IMD;C;10;MEA;C;5;QTY;C;10;PCD;C;5;ALI;C;5;DTM;C;35;MOA;C;5;GIN;C;1000;GIR;C;1000;QVA;C;1;DOC;C;5;PAI;C;1;FTX;C;5;SG26;C;10;SG27;C;25;SG28;C;10;SG29;C;10;SG32;C;100;SG33;C;5;SG34;C;10;SG38;C;15;SG44;C;10;SG46;C;5;SG47;C;10;SG48;C;100;SG50;C;100;SG51;C;10
ORDRSP:D:94A:UN::SG26;SG26;PAT;M;1;DTM;C;5;PCD;C;1;MOA;C;1
ORDRSP:D:94A:UN::SG27;SG27;PRI;M;1;CUX;C;1;API;C;1;RNG;C;1;DTM;C;5
ORDRSP:D:94A:UN::SG28;SG28;RFF;M;1;DTM;C;5
ORDRSP:D:94A:UN::SG29;SG29;PAC;M;1;MEA;C;5;QTY;C;5;DTM;C;5;SG30;C;1;SG31;C;5
ORDRSP:D:94A:UN::SG3;SG03;RFF;M;1;DTM;C;5
ORDRSP:D:94A:UN::SG30;SG30;RFF;M;1;DTM;C;5
ORDRSP:D:94A:UN::SG31;SG31;PCI;M;1;RFF;C;1;DTM;C;5;GIN;C;10
ORDRSP:D:94A:UN::SG32;SG32;LOC;M;1;QTY;C;1;DTM;C;5
ORDRSP:D:94A:UN::SG33;SG33;TAX;M;1;MOA;C;1;LOC;C;5
ORDRSP:D:94A:UN::SG34;SG34;NAD;M;1;LOC;C;5;SG35;C;5;SG36;C;5;SG37;C;5
ORDRSP:D:94A:UN::SG35;SG35;RFF;M;1;DTM;C;5
ORDRSP:D:94A:UN::SG36;SG36;DOC;M;1;DTM;C;5
ORDRSP:D:94A:UN::SG37;SG37;CTA;M;1;COM;C;5
ORDRSP:D:94A:UN::SG38;SG38;ALC;M;1;ALI;C;5;DTM;C;5;SG39;C;1;SG40;C;1;SG41;C;2;SG42;C;1;SG43;C;5
ORDRSP:D:94A:UN::SG39;SG39;QTY;M;1;RNG;C;1
ORDRSP:D:94A:UN::SG4;SG04;DOC;M;1;DTM;C;5
ORDRSP:D:94A:UN::SG40;SG40;PCD;M;1;RNG;C;1
ORDRSP:D:94A:UN::SG41;SG41;MOA;M;1;RNG;C;1
ORDRSP:D:94A:UN::SG42;SG42;RTE;M;1;RNG;C;1
ORDRSP:D:94A:UN::SG43;SG43;TAX;M;1;MOA;C;1
ORDRSP:D:94A:UN::SG44;SG44;TDT;M;1;SG45;C;10
ORDRSP:D:94A:UN::SG45;SG45;LOC;M;1;DTM;C;5
ORDRSP:D:94A:UN::SG46;SG46;TOD;M;1;LOC;C;2
ORDRSP:D:94A:UN::SG47;SG47;EQD;M;1;HAN;C;5;MEA;C;5;FTX;C;5
ORDRSP:D:94A:UN::SG48;SG48;SCC;M;1;FTX;C;5;RFF;C;5;SG49;C;10
ORDRSP:D:94A:UN::SG49;SG49;QTY;M;1;DTM;C;5
ORDRSP:D:94A:UN::SG5;SG05;CTA;M;1;COM;C;5
ORDRSP:D:94A:UN::SG50;SG50;RCS;M;1;RFF;C;5;DTM;C;5;FTX;C;5
ORDRSP:D:94A:UN::SG51;SG51;STG;M;1;SG52;C;3
ORDRSP:D:94A:UN::SG52;SG52;QTY;M;1;MOA;C;1
ORDRSP:D:94A:UN::SG53;SG53;ALC;M;1;ALI;C;1;MOA;M;2
ORDRSP:D:94A:UN::SG6;SG06;TAX;M;1;MOA;C;1;LOC;C;5
ORDRSP:D:94A:UN::SG7;SG07;CUX;M;1;PCD;C;5;DTM;C;5
ORDRSP:D:94A:UN::SG8;SG08;PAT;M;1;DTM;C;5;PCD;C;1;MOA;C;1
ORDRSP:D:94A:UN::SG9;SG09;TDT;M;1;SG10;C;10
PARTIN:D:94A:UN::;Party information message;UNH;M;1;BGM;M;1;DTM;M;5;FII;C;10;FTX;C;5;SG1;C;5;SG2;C;2;UNS;M;1;SG4;C;200000;UNT;M;1
PARTIN:D:94A:UN::SG1;SG01;RFF;M;1;DTM;C;1
PARTIN:D:94A:UN::SG2;SG02;NAD;M;1;SG3;C;5
PARTIN:D:94A:UN::SG3;SG03;CTA;M;1;COM;C;5
PARTIN:D:94A:UN::SG4;SG04;NAD;M;1;DTM;C;5;FII;C;10;SG5;C;20;SG6;C;15;SG7;C;5;SG8;C;10
PARTIN:D:94A:UN::SG5;SG05;LOC;M;1;DTM;C;2
PARTIN:D:94A:UN::SG6;SG06;RFF;M;1;DTM;C;1
PARTIN:D:94A:UN::SG7;SG07;CTA;M;1;COM;C;5
PARTIN:D:94A:UN::SG8;SG08;SCC;M;1;DTM;C;2
PAXLST:D:94A:UN::;Passenger list message;UNH;M;1;BGM;M;1;RFF;C;1;DTM;C;9;SG1;C;5;SG2;M;10;SG4;M;99999;CNT;C;1;AUT;C;1;UNT;M;1
PAXLST:D:94A:UN::SG1;SG01;NAD;M;1;CTA;C;1;COM;C;9
PAXLST:D:94A:UN::SG2;SG02;TDT;M;1;DTM;M;1;SG3;C;99
PAXLST:D:94A:UN::SG3;SG03;LOC;M;1;DTM;C;5
PAXLST:D:94A:UN::SG4;SG04;NAD;M;1;ATT;C;9;DTM;C;9;MEA;C;9;GIS;C;5;FTX;C;5;LOC;C;25;SG5;C;5
PAXLST:D:94A:UN::SG5;SG05;DOC;M;1;DTM;C;5;GIS;C;1;RFF;C;1;LOC;C;1
PAYDUC:D:94A:UN::;Payroll deductions advice message;UNH;M;1;BGM;M;1;PAI;M;1;FII;M;2;DTM;M;4;CUX;C;1;PAT;C;1;FTX;C;5;SG1;C;99;SG2;C;6;SG4;M;9;UNS;M;1;MOA;M;1;CNT;C;9;AUT;C;1;UNT;M;1
PAYDUC:D:94A:UN::SG1;SG01;RFF;M;1;DTM;C;1
PAYDUC:D:94A:UN::SG2;SG02;NAD;M;1;SG3;C;5
PAYDUC:D:94A:UN::SG3;SG03;CTA;M;1;COM;C;1
PAYDUC:D:94A:UN::SG4;SG04;GIS;M;1;RFF;M;1;MOA;M;9;BUS;C;1;CUX;C;1;SG5;M;99
PAYDUC:D:94A:UN::SG5;SG05;DTM;M;1;SG6;C;999999
PAYDUC:D:94A:UN::SG6;SG06;NAD;M;1;RFF;M;9;MOA;M;9;AJT;C;1;PAT;C;1;FTX;C;3
PAYEXT:D:94A:UN::;Extended payment order message;UNH;M;1;BGM;M;1;DTM;M;5;BUS;C;1;SG1;C;2;FTX;C;5;PAI;C;1;FCA;C;1;SG2;M;1;SG3;C;4;SG4;C;6;SG5;C;4;SG6;C;9999;UNS;M;1;MOA;C;5;SG12;C;2;SG13;C;1;UNT;M;1
PAYEXT:D:94A:UN::SG1;SG01;RFF;M;1;DTM;C;1
PAYEXT:D:94A:UN::SG10;SG10;CUX;M;1;DTM;C;1
PAYEXT:D:94A:UN::SG11;SG11;AJT;M;1;MOA;C;1;RFF;C;1
PAYEXT:D:94A:UN::SG12;SG12;GIS;M;1;NAD;M;1;FTX;M;6
PAYEXT:D:94A:UN::SG13;SG13;AUT;M;1;DTM;C;1
PAYEXT:D:94A:UN::SG2;SG02;MOA;M;1;CUX;C;1;DTM;C;2;RFF;C;1
PAYEXT:D:94A:UN::SG3;SG03;FII;M;1;CTA;C;1;COM;C;5
PAYEXT:D:94A:UN::SG4;SG04;NAD;M;1;CTA;C;1;COM;C;5
PAYEXT:D:94A:UN::SG5;SG05;INP;M;1;FTX;C;1;DTM;C;2
PAYEXT:D:94A:UN::SG6;SG06;DOC;M;1;MOA;M;5;DTM;C;5;RFF;C;5;NAD;C;2;SG7;C;5;SG8;C;100;SG9;C;9999
PAYEXT:D:94A:UN::SG7;SG07;CUX;M;1;DTM;C;1
PAYEXT:D:94A:UN::SG8;SG08;AJT;M;1;MOA;C;1;RFF;C;1
PAYEXT:D:94A:UN::SG9;SG09;DLI;M;1;MOA;C;5;PIA;C;5;DTM;C;5;SG10;C;5;SG11;C;10
PAYMUL:D:94A:UN::;Multiple payment order message;UNH;M;1;BGM;M;1;DTM;M;1;BUS;C;1;FII;C;1;SG1;C;1;SG2;C;1;SG3;M;9999;CNT;C;5;SG22;C;1;UNT;M;1
PAYMUL:D:94A:UN::SG1;SG01;RFF;M;1;DTM;C;1
PAYMUL:D:94A:UN::SG10;SG10;SEQ;M;1;MOA;M;1;DTM;C;1;RFF;C;1;PAI;C;1;FCA;C;1;SG11;C;3;SG12;C;3;SG13;C;3;SG14;C;2;SG15;C;1
PAYMUL:D:94A:UN::SG11;SG11;FII;M;1;CTA;C;1;COM;C;5
PAYMUL:D:94A:UN::SG12;SG12;NAD;M;1;CTA;C;1;COM;C;5
PAYMUL:D:94A:UN::SG13;SG13;INP;M;1;DTM;C;2;FTX;C;1
PAYMUL:D:94A:UN::SG14;SG14;GIS;M;1;NAD;M;1;FTX;M;6
PAYMUL:D:94A:UN::SG15;SG15;PRC;M;1;FTX;C;5;SG16;C;9999
PAYMUL:D:94A:UN::SG16;SG16;DOC;M;1;MOA;C;5;DTM;C;5;RFF;C;5;NAD;C;2;SG17;C;5;SG18;C;100;SG19;C;1000
PAYMUL:D:94A:UN::SG17;SG17;CUX;M;1;DTM;C;1
PAYMUL:D:94A:UN::SG18;SG18;AJT;M;1;MOA;M;1;RFF;C;1
PAYMUL:D:94A:UN::SG19;SG19;DLI;M;1;MOA;M;5;PIA;C;5;DTM;C;5;SG20;C;5;SG21;C;10
PAYMUL:D:94A:UN::SG2;SG02;NAD;M;1;CTA;C;1;COM;C;5
PAYMUL:D:94A:UN::SG20;SG20;CUX;M;1;DTM;C;1
PAYMUL:D:94A:UN::SG21;SG21;AJT;M;1;MOA;M;1;RFF;C;1
PAYMUL:D:94A:UN::SG22;SG22;AUT;M;1;DTM;C;1
PAYMUL:D:94A:UN::SG3;SG03;LIN;M;1;DTM;M;1;RFF;C;1;BUS;C;1;FCA;C;1;SG4;M;1;SG5;M;1;SG6;C;3;SG7;C;1;SG8;C;2;SG9;C;1;SG10;M;9999
PAYMUL:D:94A:UN::SG4;SG04;MOA;M;1;CUX;C;1;DTM;C;2;RFF;C;1
PAYMUL:D:94A:UN::SG5;SG05;FII;M;1;CTA;C;1;COM;C;5
PAYMUL:D:94A:UN::SG6;SG06;NAD;M;1;CTA;C;1;COM;C;5
PAYMUL:D:94A:UN::SG7;SG07;INP;M;1;DTM;C;1;FTX;C;1
PAYMUL:D:94A:UN::SG8;SG08;GIS;M;1;NAD;M;1;FTX;M;6
PAYMUL:D:94A:UN::SG9;SG09;PRC;M;1;FTX;M;1
PAYORD:D:94A:UN::;Payment order message;UNH;M;1;BGM;M;1;DTM;M;5;BUS;C;1;SG1;C;2;FTX;C;1;PAI;C;1;FCA;C;1;SG2;M;1;SG3;C;4;SG4;C;6;SG5;C;4;SG6;C;10;SG7;C;2;SG8;C;1;UNT;M;1
PAYORD:D:94A:UN::SG1;SG01;RFF;M;1;DTM;C;1
PAYORD:D:94A:UN::SG2;SG02;MOA;M;1;CUX;C;1;DTM;C;2;RFF;C;1
PAYORD:D:94A:UN::SG3;SG03;FII;M;1;CTA;C;1;COM;C;5
PAYORD:D:94A:UN::SG4;SG04;NAD;M;1;CTA;C;1;COM;C;5
PAYORD:D:94A:UN::SG5;SG05;INP;M;1;FTX;C;1;DTM;C;2
PAYORD:D:94A:UN::SG6;SG06;DOC;M;1;DTM;C;1
PAYORD:D:94A:UN::SG7;SG07;GIS;M;1;NAD;M;1;FTX;M;6
PAYORD:D:94A:UN::SG8;SG08;AUT;M;1;DTM;C;1
PRICAT:D:94A:UN::;Price/sales catalogue message;UNH;M;1;BGM;M;1;DTM;M;35;ALI;C;5;FTX;C;5;SG1;C;10;SG2;C;20;SG5;C;5;SG6;C;5;SG7;C;10;SG8;C;10;SG9;C;5;SG10;C;10;SG16;C;1000;UNT;M;1
PRICAT:D:94A:UN::SG1;SG01;RFF;M;1;DTM;C;5
PRICAT:D:94A:UN::SG10;SG10;ALC;M;1;ALI;C;5;SG11;C;1;SG12;C;1;SG13;C;2;SG14;C;1;SG15;C;5
PRICAT:D:94A:UN::SG11;SG11;QTY;M;1;RNG;C;1
PRICAT:D:94A:UN::SG12;SG12;PCD;M;1;RNG;C;1
PRICAT:D:94A:UN::SG13;SG13;MOA;M;1;RNG;C;1
PRICAT:D:94A:UN::SG14;SG14;RTE;M;1;RNG;C;1
PRICAT:D:94A:UN::SG15;SG15;TAX;M;1;MOA;C;1
PRICAT:D:94A:UN::SG16;SG16;PGI;M;1;DTM;C;15;QTY;C;10;ALI;C;5;FTX;C;5;SG17;C;100;SG18;C;5;SG19;C;10;SG25;C;20;SG28;C;5;SG29;C;10;SG30;C;10;SG31;C;5;SG32;C;10;SG33;C;200000
PRICAT:D:94A:UN::SG17;SG17;PRI;M;1;API;C;1;RNG;C;1;DTM;C;5
PRICAT:D:94A:UN::SG18;SG18;TAX;M;1;MOA;C;1
PRICAT:D:94A:UN::SG19;SG19;ALC;M;1;ALI;C;5;SG20;C;1;SG21;C;1;SG22;C;2;SG23;C;1;SG24;C;5
PRICAT:D:94A:UN::SG2;SG02;NAD;M;1;LOC;C;25;SG3;C;10;SG4;C;5
PRICAT:D:94A:UN::SG20;SG20;QTY;M;1;RNG;C;1
PRICAT:D:94A:UN::SG21;SG21;PCD;M;1;RNG;C;1
PRICAT:D:94A:UN::SG22;SG22;MOA;M;1;RNG;C;1
PRICAT:D:94A:UN::SG23;SG23;RTE;M;1;RNG;C;1
PRICAT:D:94A:UN::SG24;SG24;TAX;M;1;MOA;C;1
PRICAT:D:94A:UN::SG25;SG25;NAD;M;1;LOC;C;5;SG26;C;10;SG27;C;5
PRICAT:D:94A:UN::SG26;SG26;RFF;M;1;DTM;C;5
PRICAT:D:94A:UN::SG27;SG27;CTA;M;1;COM;C;5
PRICAT:D:94A:UN::SG28;SG28;CUX;M;1;DTM;C;5
PRICAT:D:94A:UN::SG29;SG29;PAT;M;1;DTM;C;5;PCD;C;1;MOA;C;1
PRICAT:D:94A:UN::SG3;SG03;RFF;M;1;DTM;C;5
PRICAT:D:94A:UN::SG30;SG30;TDT;M;1;LOC;C;10
PRICAT:D:94A:UN::SG31;SG31;TOD;M;1;LOC;C;2
PRICAT:D:94A:UN::SG32;SG32;PAC;M;1;MEA;C;10;HAN;C;5
PRICAT:D:94A:UN::SG33;SG33;LIN;M;1;PIT;M;1;PIA;C;10;IMD;C;10;MEA;C;10;QTY;C;10;HAN;C;5;ALI;C;5;DTM;C;10;LOC;C;1;DOC;C;1;FTX;C;5;SG34;C;5;SG35;C;100;SG36;C;10;SG42;C;5;SG43;C;10;SG44;C;10;SG45;C;10;SG46;C;5
PRICAT:D:94A:UN::SG34;SG34;TAX;M;1;MOA;C;1
PRICAT:D:94A:UN::SG35;SG35;PRI;M;1;API;C;1;RNG;C;1;DTM;C;5;PCD;C;5
PRICAT:D:94A:UN::SG36;SG36;ALC;M;1;ALI;C;5;SG37;C;1;SG38;C;1;SG39;C;2;SG40;C;1;SG41;C;5
PRICAT:D:94A:UN::SG37;SG37;QTY;M;1;RNG;C;1
PRICAT:D:94A:UN::SG38;SG38;PCD;M;1;RNG;C;1
PRICAT:D:94A:UN::SG39;SG39;MOA;M;1;RNG;C;1
PRICAT:D:94A:UN::SG4;SG04;CTA;M;1;COM;C;5
PRICAT:D:94A:UN::SG40;SG40;RTE;M;1;RNG;C;1
PRICAT:D:94A:UN::SG41;SG41;TAX;M;1;MOA;C;1
PRICAT:D:94A:UN::SG42;SG42;CUX;M;1;DTM;C;5
PRICAT:D:94A:UN::SG43;SG43;PAC;M;1;MEA;C;10;HAN;C;5
PRICAT:D:94A:UN::SG44;SG44;PAT;M;1;DTM;C;5;PCD;C;1;MOA;C;1
PRICAT:D:94A:UN::SG45;SG45;TDT;M;1;LOC;C;10
PRICAT:D:94A:UN::SG46;SG46;TOD;M;1;LOC;C;2
PRICAT:D:94A:UN::SG5;SG05;TAX;M;1;MOA;C;1
PRICAT:D:94A:UN::SG6;SG06;CUX;M;1;DTM;C;5
PRICAT:D:94A:UN::SG7;SG07;PAT;M;1;DTM;C;5;PCD;C;1;MOA;C;1
PRICAT:D:94A:UN::SG8;SG08;TDT;M;1;LOC;C;10
PRICAT:D:94A:UN::SG9;SG09;TOD;M;1;LOC;C;2
PRODEX:D:94A:UN::;Product exchange reconciliation message;UNH;M;1;BGM;M;1;DTM;M;2;MEA;M;1;NAD;M;2;SG1;M;5;SG2;M;99;UNT;M;1
PRODEX:D:94A:UN::SG1;SG01;RFF;M;1;DTM;C;1
PRODEX:D:94A:UN::SG2;SG02;IMD;M;1;QTY;C;10;SG3;C;9999
PRODEX:D:94A:UN::SG3;SG03;LIN;M;1;GIS;C;2;LOC;C;2;DTM;C;1;MEA;C;5;QTY;C;5;TDT;C;5;SG4;C;5
PRODEX:D:94A:UN::SG4;SG04;RFF;M;1;DTM;C;1
PRPAID:D:94A:UN::;Insurance premium payment message;BGM;C;1;GIS;M;1;RFF;M;9;DTM;M;9;SG1;M;2;SG2;C;99;SG6;C;99
PRPAID:D:94A:UN::SG1;SG01;NAD;M;1;CTA;C;1;COM;C;3;RFF;C;9
PRPAID:D:94A:UN::SG2;SG02;DOC;M;1;SG3;C;1;DTM;C;9;NAD;C;1;SG4;M;9;RFF;M;9;ICD;C;1;SG5;C;9;CUX;C;1
PRPAID:D:94A:UN::SG3;SG03;GIS;M;1;FTX;C;1
PRPAID:D:94A:UN::SG4;SG04;MOA;M;1;DTM;C;1;PCD;C;1
PRPAID:D:94A:UN::SG5;SG05;ATT;M;1;PCD;C;1
PRPAID:D:94A:UN::SG6;SG06;MOA;M;1;GIS;C;1;DTM;C;1;RFF;C;1;ATT;C;1;ICD;C;1;CUX;C;1
QALITY:D:94A:UN::;Quality data message;UNH;M;1;BGM;M;1;DTM;M;10;IMD;C;10;MEA;C;10;FTX;C;5;SG1;C;10;SG2;C;10;SG5;C;200;UNT;M;1
QALITY:D:94A:UN::SG1;SG01;RFF;M;1;DTM;C;2
QALITY:D:94A:UN::SG10;SG10;TEM;M;1;MEA;C;10;DTM;C;10;SG11;C;10
QALITY:D:94A:UN::SG11;SG11;RFF;M;1;DTM;C;2
QALITY:D:94A:UN::SG12;SG12;CCI;M;1;PSD;C;10;SPS;C;10;DTM;C;10;FTX;C;10;SG13;C;10;SG14;C;999;SG16;C;100;SG18;C;100
QALITY:D:94A:UN::SG13;SG13;RFF;M;1;DTM;C;2
QALITY:D:94A:UN::SG14;SG14;MEA;M;1;DTM;C;10;SG15;C;10
QALITY:D:94A:UN::SG15;SG15;RFF;M;1;DTM;C;2
QALITY:D:94A:UN::SG16;SG16;STA;M;1;DTM;C;10;SG17;C;10
QALITY:D:94A:UN::SG17;SG17;RFF;M;1;DTM;C;2
QALITY:D:94A:UN::SG18;SG18;TEM;M;1;MEA;C;10;DTM;C;10;SG19;C;10
QALITY:D:94A:UN::SG19;SG19;RFF;M;1;DTM;C;2
QALITY:D:94A:UN::SG2;SG02;NAD;M;1;LOC;C;5;SG3;C;10;SG4;C;5
QALITY:D:94A:UN::SG20;SG20;GIN;M;1;DTM;C;10;SG21;C;10;SG22;C;200
QALITY:D:94A:UN::SG21;SG21;RFF;M;1;DTM;C;2
QALITY:D:94A:UN::SG22;SG22;CCI;M;1;PSD;C;10;SPS;C;10;DTM;C;10;FTX;C;10;SG23;C;10;SG24;C;999;SG26;C;100;SG28;C;100
QALITY:D:94A:UN::SG23;SG23;RFF;M;1;DTM;C;2
QALITY:D:94A:UN::SG24;SG24;MEA;M;1;DTM;C;10;SG25;C;10
QALITY:D:94A:UN::SG25;SG25;RFF;M;1;DTM;C;2
QALITY:D:94A:UN::SG26;SG26;STA;M;1;DTM;C;10;SG27;C;10
QALITY:D:94A:UN::SG27;SG27;RFF;M;1;DTM;C;2
QALITY:D:94A:UN::SG28;SG28;TEM;M;1;MEA;C;10;DTM;C;10;SG29;C;10
QALITY:D:94A:UN::SG29;SG29;RFF;M;1;DTM;C;2
QALITY:D:94A:UN::SG3;SG03;RFF;M;1;DTM;C;2
QALITY:D:94A:UN::SG30;SG30;PRC;M;1;SG31;C;10;SG32;C;200
QALITY:D:94A:UN::SG31;SG31;NAD;M;1;LOC;C;5
QALITY:D:94A:UN::SG32;SG32;CCI;M;1;PSD;C;10;SPS;C;10;DTM;C;10;FTX;C;10;SG33;C;10;SG34;C;999;SG36;C;100;SG38;C;100
QALITY:D:94A:UN::SG33;SG33;RFF;M;1;DTM;C;2
QALITY:D:94A:UN::SG34;SG34;MEA;M;1;DTM;C;10;SG35;C;10
QALITY:D:94A:UN::SG35;SG35;RFF;M;1;DTM;C;2
QALITY:D:94A:UN::SG36;SG36;STA;M;1;DTM;C;10;SG37;C;10
QALITY:D:94A:UN::SG37;SG37;RFF;M;1;DTM;C;2
QALITY:D:94A:UN::SG38;SG38;TEM;M;1;MEA;C;10;DTM;C;10;SG39;C;10
QALITY:D:94A:UN::SG39;SG39;RFF;M;1;DTM;C;2
QALITY:D:94A:UN::SG4;SG04;CTA;M;1;COM;C;5
QALITY:D:94A:UN::SG5;SG05;LIN;M;1;PIA;C;10;IMD;C;10;MEA;C;10;PSD;C;1;SPS;C;1;DTM;C;10;QTY;C;99;FTX;C;5;SG6;C;10;SG7;C;10;SG10;C;100;SG12;C;200;SG20;C;100;SG30;C;100
QALITY:D:94A:UN::SG6;SG06;RFF;M;1;DTM;C;2
QALITY:D:94A:UN::SG7;SG07;NAD;M;1;LOC;C;5;SG8;C;10;SG9;C;5
QALITY:D:94A:UN::SG8;SG08;RFF;M;1;DTM;C;2
QALITY:D:94A:UN::SG9;SG09;CTA;M;1;COM;C;5
QUOTES:D:94A:UN::;Quote message;UNH;M;1;BGM;M;1;DTM;M;35;PAI;C;1;ALI;C;5;IMD;C;1;FTX;C;5;SG1;C;10;SG2;C;5;SG3;C;5;SG4;C;10;SG5;C;10;SG6;C;10;SG7;C;10;SG8;C;25;SG9;C;1;SG10;C;20;SG14;C;10;SG16;C;10;SG18;C;10;SG20;C;15;SG26;M;200000;UNS;M;1;MOA;C;15;CNT;C;10;SG52;C;10;UNT;M;1
QUOTES:D:94A:UN::SG1;SG01;RFF;M;1;DTM;C;5
QUOTES:D:94A:UN::SG10;SG10;NAD;M;1;LOC;C;25;FII;C;5;SG11;C;10;SG12;C;5;SG13;C;5
QUOTES:D:94A:UN::SG11;SG11;RFF;M;1;DTM;C;2;LOC;C;5
QUOTES:D:94A:UN::SG12;SG12;DOC;M;1;DTM;C;1
QUOTES:D:94A:UN::SG13;SG13;CTA;M;1;COM;C;5
QUOTES:D:94A:UN::SG14;SG14;TDT;M;1;QTY;C;5;SG15;C;10
QUOTES:D:94A:UN::SG15;SG15;LOC;M;1;DTM;C;1
QUOTES:D:94A:UN::SG16;SG16;PAC;M;1;MEA;C;5;SG17;C;10
QUOTES:D:94A:UN::SG17;SG17;PCI;M;1;RFF;C;1;DTM;C;1;GIN;C;5
QUOTES:D:94A:UN::SG18;SG18;SCC;M;1;FTX;C;5;SG19;C;10
QUOTES:D:94A:UN::SG19;SG19;QTY;M;1;DTM;C;5
QUOTES:D:94A:UN::SG2;SG02;TAX;M;1;MOA;C;1;LOC;C;5
QUOTES:D:94A:UN::SG20;SG20;ALC;M;1;ALI;C;5;DTM;C;5;SG21;C;1;SG22;C;1;SG23;C;1;SG24;C;1;SG25;C;5
QUOTES:D:94A:UN::SG21;SG21;QTY;M;1;RNG;C;1
QUOTES:D:94A:UN::SG22;SG22;PCD;M;1;RNG;C;1
QUOTES:D:94A:UN::SG23;SG23;MOA;M;1;RNG;C;1
QUOTES:D:94A:UN::SG24;SG24;RTE;M;1;RNG;C;1
QUOTES:D:94A:UN::SG25;SG25;TAX;M;1;MOA;C;1
QUOTES:D:94A:UN::SG26;SG26;LIN;M;1;PIA;C;25;IMD;C;10;MEA;C;5;QTY;C;5;PCD;C;1;ALI;C;5;DTM;C;35;GIN;C;1000;GIR;C;1000;QVA;C;1;FTX;C;5;DGS;C;1;PAI;C;1;DOC;C;1;SG27;C;100;SG28;C;25;SG29;C;10;SG30;C;100;SG31;C;5;SG32;C;5;SG33;C;10;SG34;C;10;SG35;C;10;SG36;C;10;SG38;C;10;SG42;C;10;SG48;C;10;SG50;C;100
QUOTES:D:94A:UN::SG27;SG27;MOA;M;1;QTY;C;1;IMD;C;1;CUX;C;1;DTM;C;2
QUOTES:D:94A:UN::SG28;SG28;PRI;M;1;API;C;1;RNG;C;1;CUX;C;5;DTM;C;5
QUOTES:D:94A:UN::SG29;SG29;RFF;M;1;DTM;C;5
QUOTES:D:94A:UN::SG3;SG03;CUX;M;1;PCD;C;5;DTM;C;5
QUOTES:D:94A:UN::SG30;SG30;LOC;M;1;QTY;C;1;DTM;C;5
QUOTES:D:94A:UN::SG31;SG31;TAX;M;1;MOA;C;1;LOC;C;5
QUOTES:D:94A:UN::SG32;SG32;TOD;M;1;LOC;C;2
QUOTES:D:94A:UN::SG33;SG33;EQD;M;1;HAN;C;5;MEA;C;5;FTX;C;5
QUOTES:D:94A:UN::SG34;SG34;RCS;M;1;RFF;C;5;DTM;C;5;FTX;C;5
QUOTES:D:94A:UN::SG35;SG35;PAT;M;1;DTM;C;5;PCD;C;1;MOA;C;1
QUOTES:D:94A:UN::SG36;SG36;PAC;M;1;MEA;C;5;QTY;C;5;DTM;C;5;SG37;C;10
QUOTES:D:94A:UN::SG37;SG37;PCI;M;1;RFF;C;1;DTM;C;5;GIN;C;10
QUOTES:D:94A:UN::SG38;SG38;NAD;M;1;LOC;C;5;SG39;C;5;SG40;C;5;SG41;C;5
QUOTES:D:94A:UN::SG39;SG39;RFF;M;1;DTM;C;5
QUOTES:D:94A:UN::SG4;SG04;PAT;M;1;DTM;C;5;PCD;C;1;MOA;C;1
QUOTES:D:94A:UN::SG40;SG40;DOC;M;1;DTM;C;5
QUOTES:D:94A:UN::SG41;SG41;CTA;M;1;COM;C;5
QUOTES:D:94A:UN::SG42;SG42;ALC;M;1;ALI;C;5;DTM;C;5;SG43;C;10;SG44;C;10;SG45;C;10;SG46;C;10;SG47;C;5
QUOTES:D:94A:UN::SG43;SG43;QTY;M;1;RNG;C;1
QUOTES:D:94A:UN::SG44;SG44;PCD;M;1;RNG;C;1
QUOTES:D:94A:UN::SG45;SG45;MOA;M;1;RNG;C;1
QUOTES:D:94A:UN::SG46;SG46;RTE;M;1;RNG;C;1
QUOTES:D:94A:UN::SG47;SG47;TAX;M;1;MOA;C;1
QUOTES:D:94A:UN::SG48;SG48;TDT;M;1;QTY;C;5;SG49;C;10
QUOTES:D:94A:UN::SG49;SG49;LOC;M;1;DTM;C;5
QUOTES:D:94A:UN::SG5;SG05;TOD;M;1;LOC;C;2
QUOTES:D:94A:UN::SG50;SG50;SCC;M;1;FTX;C;5;SG51;C;10
QUOTES:D:94A:UN::SG51;SG51;QTY;M;1;DTM;C;5
QUOTES:D:94A:UN::SG52;SG52;ALC;M;1;MOA;M;1;ALI;C;1
QUOTES:D:94A:UN::SG6;SG06;EQD;M;1;HAN;C;5;MEA;C;5;FTX;C;5
QUOTES:D:94A:UN::SG7;SG07;RCS;M;1;RFF;C;5;DTM;C;5;FTX;C;5
QUOTES:D:94A:UN::SG8;SG08;API;M;1;PRI;C;1;QTY;C;2;DTM;C;1;MOA;C;2;RNG;C;2
QUOTES:D:94A:UN::SG9;SG09;DLM;M;1;MOA;C;1;DTM;C;1
REMADV:D:94A:UN::;Remittance advice message;UNH;M;1;BGM;M;1;DTM;M;5;RFF;C;5;FII;C;5;PAI;C;1;FTX;C;5;SG1;C;5;SG3;C;5;SG4;C;9999;UNS;M;1;MOA;M;5;UNT;M;1
REMADV:D:94A:UN::SG1;SG01;NAD;M;1;SG2;C;5
REMADV:D:94A:UN::SG10;SG10;AJT;M;1;MOA;C;1;RFF;C;1;FTX;C;5
REMADV:D:94A:UN::SG2;SG02;CTA;M;1;COM;C;5
REMADV:D:94A:UN::SG3;SG03;CUX;M;1;DTM;C;1
REMADV:D:94A:UN::SG4;SG04;DOC;M;1;MOA;M;5;DTM;C;5;RFF;C;5;NAD;C;2;SG5;C;5;SG6;C;100;SG7;C;5;SG8;C;9999
REMADV:D:94A:UN::SG5;SG05;CUX;M;1;DTM;C;1
REMADV:D:94A:UN::SG6;SG06;AJT;M;1;MOA;C;1;RFF;C;1
REMADV:D:94A:UN::SG7;SG07;INP;M;1;FTX;C;5
REMADV:D:94A:UN::SG8;SG08;DLI;M;1;MOA;C;5;PIA;C;5;DTM;C;5;SG9;C;5;SG10;C;10
REMADV:D:94A:UN::SG9;SG09;CUX;M;1;DTM;C;1
REQOTE:D:94A:UN::;Request for quote message;UNH;M;1;BGM;M;1;DTM;M;35;PAI;C;1;ALI;C;5;IMD;C;1;FTX;C;5;SG1;C;10;SG2;C;5;SG3;C;5;SG4;C;10;SG5;C;10;SG6;C;10;SG7;C;10;SG8;C;25;SG9;C;1;SG10;C;20;SG14;C;10;SG16;C;10;SG18;C;10;SG20;C;15;SG26;M;200000;UNS;M;1;MOA;C;15;CNT;C;10;SG52;C;10;UNT;M;1
REQOTE:D:94A:UN::SG1;SG01;RFF;M;1;DTM;C;5
REQOTE:D:94A:UN::SG10;SG10;NAD;M;1;LOC;C;25;FII;C;5;SG11;C;10;SG12;C;5;SG13;C;5
REQOTE:D:94A:UN::SG11;SG11;RFF;M;1;DTM;C;5
REQOTE:D:94A:UN::SG12;SG12;DOC;M;1;DTM;C;1
REQOTE:D:94A:UN::SG13;SG13;CTA;M;1;COM;C;5
REQOTE:D:94A:UN::SG14;SG14;TDT;M;1;QTY;C;5;SG15;C;10
REQOTE:D:94A:UN::SG15;SG15;LOC;M;1;DTM;C;5
REQOTE:D:94A:UN::SG16;SG16;PAC;M;1;MEA;C;5;SG17;C;10
REQOTE:D:94A:UN::SG17;SG17;PCI;M;1;RFF;C;1;DTM;C;5;GIN;C;10
REQOTE:D:94A:UN::SG18;SG18;SCC;M;1;FTX;C;5;SG19;C;10
REQOTE:D:94A:UN::SG19;SG19;QTY;M;1;DTM;C;5
REQOTE:D:94A:UN::SG2;SG02;TAX;M;1;MOA;C;1;LOC;C;5
REQOTE:D:94A:UN::SG20;SG20;ALC;M;1;ALI;C;5;SG21;C;1;SG22;C;1;SG23;C;1;SG24;C;1;SG25;C;5
REQOTE:D:94A:UN::SG21;SG21;QTY;M;1;RNG;C;1
REQOTE:D:94A:UN::SG22;SG22;PCD;M;1;RNG;C;1
REQOTE:D:94A:UN::SG23;SG23;MOA;M;1;RNG;C;1
REQOTE:D:94A:UN::SG24;SG24;RTE;M;1;RNG;C;1
REQOTE:D:94A:UN::SG25;SG25;TAX;M;1;MOA;C;1
REQOTE:D:94A:UN::SG26;SG26;LIN;M;1;PIA;C;25;IMD;C;10;MEA;C;5;QTY;C;5;PCD;C;1;ALI;C;5;DTM;C;35;GIN;C;1000;GIR;C;1000;QVA;C;1;FTX;C;5;PAI;C;1;DOC;C;1;SG27;C;100;SG28;C;25;SG29;C;10;SG30;C;100;SG31;C;5;SG32;C;5;SG33;C;10;SG34;C;10;SG35;C;10;SG36;C;10;SG38;C;10;SG42;C;15;SG48;C;10;SG50;C;100
REQOTE:D:94A:UN::SG27;SG27;MOA;M;1;QTY;C;2;IMD;C;1;CUX;C;1;DTM;C;2
REQOTE:D:94A:UN::SG28;SG28;PRI;M;1;API;C;1;RNG;C;1;CUX;C;5;DTM;C;5
REQOTE:D:94A:UN::SG29;SG29;RFF;M;1;DTM;C;5
REQOTE:D:94A:UN::SG3;SG03;CUX;M;1;DTM;C;5
REQOTE:D:94A:UN::SG30;SG30;LOC;M;1;QTY;C;1;DTM;C;5
REQOTE:D:94A:UN::SG31;SG31;TAX;M;1;MOA;C;1;LOC;C;5
REQOTE:D:94A:UN::SG32;SG32;TOD;M;1;LOC;C;2
REQOTE:D:94A:UN::SG33;SG33;EQD;M;1;HAN;C;5;MEA;C;5;FTX;C;5
REQOTE:D:94A:UN::SG34;SG34;RCS;M;1;RFF;C;5;DTM;C;5;FTX;C;5
REQOTE:D:94A:UN::SG35;SG35;PAT;M;1;DTM;C;5;PCD;C;1;MOA;C;1
REQOTE:D:94A:UN::SG36;SG36;PAC;M;1;MEA;C;5;QTY;C;5;DTM;C;5;SG37;C;10
REQOTE:D:94A:UN::SG37;SG37;PCI;M;1;RFF;C;1;DTM;C;5;GIN;C;10
REQOTE:D:94A:UN::SG38;SG38;NAD;M;1;LOC;C;5;SG39;C;5;SG40;C;5;SG41;C;5
REQOTE:D:94A:UN::SG39;SG39;RFF;M;1;DTM;C;5
REQOTE:D:94A:UN::SG4;SG04;PAT;M;1;DTM;C;5;PCD;C;1;MOA;C;1
REQOTE:D:94A:UN::SG40;SG40;DOC;M;1;DTM;C;5
REQOTE:D:94A:UN::SG41;SG41;CTA;M;1;COM;C;5
REQOTE:D:94A:UN::SG42;SG42;ALC;M;1;ALI;C;5;SG43;C;1;SG44;C;1;SG45;C;1;SG46;C;1;SG47;C;5
REQOTE:D:94A:UN::SG43;SG43;QTY;M;1;RNG;C;1
REQOTE:D:94A:UN::SG44;SG44;PCD;M;1;RNG;C;1
REQOTE:D:94A:UN::SG45;SG45;MOA;M;1;RNG;C;1
REQOTE:D:94A:UN::SG46;SG46;RTE;M;1;RNG;C;1
REQOTE:D:94A:UN::SG47;SG47;TAX;M;1;MOA;C;1
REQOTE:D:94A:UN::SG48;SG48;TDT;M;1;QTY;C;5;SG49;C;10
REQOTE:D:94A:UN::SG49;SG49;LOC;M;1;DTM;C;5
REQOTE:D:94A:UN::SG5;SG05;TOD;M;1;LOC;C;2
REQOTE:D:94A:UN::SG50;SG50;SCC;M;1;FTX;C;5;SG51;C;10
REQOTE:D:94A:UN::SG51;SG51;QTY;M;1;DTM;C;5
REQOTE:D:94A:UN::SG52;SG52;ALC;M;1;MOA;M;1;ALI;C;1
REQOTE:D:94A:UN::SG6;SG06;EQD;M;1;HAN;C;5;MEA;C;5;FTX;C;5
REQOTE:D:94A:UN::SG7;SG07;RCS;M;1;RFF;C;5;DTM;C;5;FTX;C;5
REQOTE:D:94A:UN::SG8;SG08;API;M;1;PRI;C;1;QTY;C;2;DTM;C;1;MOA;C;2;RNG;C;2
REQOTE:D:94A:UN::SG9;SG09;DLM;M;1;MOA;C;1;DTM;C;1
SANCRT:D:94A:UN::;Sanitary/phytosanitary certificate message;UNH;M;1;BGM;M;1;DTM;M;99;LOC;M;99;RFF;C;9;FTX;C;9;SG1;C;9;SG2;C;99;SG4;C;99;SG5;C;99;SG6;C;99;SG8;C;99;SG9;C;9999;CNT;C;9;SG15;C;9;UNT;M;1
SANCRT:D:94A:UN::SG1;SG01;DOC;M;1;DTM;C;9;LOC;C;9
SANCRT:D:94A:UN::SG10;SG10;DOC;M;1;DTM;C;9;LOC;C;9
SANCRT:D:94A:UN::SG11;SG11;PAC;M;1;PCI;C;9;MEA;C;9
SANCRT:D:94A:UN::SG12;SG12;EQD;M;1;SG13;C;9
SANCRT:D:94A:UN::SG13;SG13;SEL;M;1;DTM;C;9;LOC;C;9
SANCRT:D:94A:UN::SG14;SG14;PRC;M;1;IMD;C;9;NAD;C;9;MEA;C;9;DTM;C;9;LOC;C;9;DOC;C;9;RFF;C;9
SANCRT:D:94A:UN::SG15;SG15;AUT;M;1;DTM;C;9
SANCRT:D:94A:UN::SG2;SG02;NAD;M;1;SG3;C;9
SANCRT:D:94A:UN::SG3;SG03;CTA;M;1;COM;C;9
SANCRT:D:94A:UN::SG4;SG04;TDT;M;1;DTM;C;9;LOC;C;9;RFF;C;9
SANCRT:D:94A:UN::SG5;SG05;PAC;M;1;PCI;C;9;MEA;C;9
SANCRT:D:94A:UN::SG6;SG06;EQD;M;1;SG7;C;9
SANCRT:D:94A:UN::SG7;SG07;SEL;M;1;DTM;C;9;LOC;C;9
SANCRT:D:94A:UN::SG8;SG08;PRC;M;1;IMD;C;9;NAD;C;9;MEA;C;9;DTM;C;9;LOC;C;9;DOC;C;9;RFF;C;9
SANCRT:D:94A:UN::SG9;SG09;LIN;M;1;MEA;C;9;PIA;C;9;IMD;C;9;GIN;C;9999;ATT;C;9;DTM;C;9;LOC;C;9;FTX;C;9;SG10;C;9;SG11;C;99;SG12;C;99;SG14;C;99
SLSRPT:D:94A:UN::;Sales data report message;UNH;M;1;BGM;M;1;DTM;M;5;SG1;M;5;SG3;C;5;SG4;C;5;SG5;M;200000;UNT;M;1
SLSRPT:D:94A:UN::SG1;SG01;NAD;M;1;SG2;C;5
SLSRPT:D:94A:UN::SG2;SG02;CTA;M;1;COM;C;5
SLSRPT:D:94A:UN::SG3;SG03;RFF;M;1;DTM;C;5
SLSRPT:D:94A:UN::SG4;SG04;CUX;M;1;DTM;C;5
SLSRPT:D:94A:UN::SG5;SG05;LOC;M;1;DTM;C;5;SG6;C;99;SG7;C;200000
SLSRPT:D:94A:UN::SG6;SG06;RFF;M;1;DTM;C;5
SLSRPT:D:94A:UN::SG7;SG07;LIN;M;1;PIA;C;5;IMD;C;5;PAC;C;5;RFF;C;5;DOC;C;5;ALI;C;5;MOA;C;5;PRI;C;5;QTY;C;5;SG8;C;100;SG8;C;999
SLSRPT:D:94A:UN::SG8;SG08;QTY;M;1;MKS;C;1;NAD;C;1
STATAC:D:94A:UN::;Statement of account message;UNH;M;1;BGM;M;1;DTM;M;5;RFF;C;5;CUX;C;1;SG1;M;5;SG3;M;200000;UNS;M;1;MOA;M;5;FTX;C;5;UNT;M;1
STATAC:D:94A:UN::SG1;SG01;NAD;M;1;SG2;C;5
STATAC:D:94A:UN::SG2;SG02;CTA;M;1;COM;C;5
STATAC:D:94A:UN::SG3;SG03;DOC;M;1;MOA;M;5;DTM;C;5;RFF;C;5
SUPCOT:D:94A:UN::;Superannuation contributions advice message;UNH;M;1;BGM;M;1;RFF;M;6;PAI;C;1;CUX;C;1;FII;C;2;DTM;C;9;PAT;C;1;FTX;C;5;SG1;C;6;UNS;M;1;SG3;M;999999;UNS;M;1;MOA;M;1;CNT;C;9;AUT;C;1;UNT;M;1
SUPCOT:D:94A:UN::SG1;SG01;NAD;M;1;SG2;C;5
SUPCOT:D:94A:UN::SG2;SG02;CTA;M;1;COM;C;1
SUPCOT:D:94A:UN::SG3;SG03;NAD;M;1;ATT;C;1;RFF;C;1;DTM;C;1;EMP;C;1;LOC;C;1;FTX;C;3;SG4;M;9
SUPCOT:D:94A:UN::SG4;SG04;PAT;M;1;MOA;C;1;CUX;C;1;DTM;C;3;FTX;C;3;SG5;M;99
SUPCOT:D:94A:UN::SG5;SG05;COT;M;1;MOA;M;1;DTM;C;3;FTX;C;3
SUPMAN:D:94A:UN::;Superannuation maintenance message;UNH;M;1;BGM;M;1;RFF;M;6;CUX;C;1;DTM;C;9;FTX;C;5;SG1;C;6;UNS;M;1;SG3;M;999999;CNT;C;9;AUT;C;1;UNT;M;1
SUPMAN:D:94A:UN::SG1;SG01;NAD;M;1;SG2;C;5
SUPMAN:D:94A:UN::SG10;SG10;COT;M;1;MOA;C;1;PCD;C;1;DTM;C;3;PAT;C;1;FTX;C;3
SUPMAN:D:94A:UN::SG2;SG02;CTA;M;1;COM;C;1
SUPMAN:D:94A:UN::SG3;SG03;NAD;M;1;DTM;M;15;ATT;C;9;RFF;C;9;SG4;C;99;SG5;C;9;SG7;M;20;SG8;C;9
SUPMAN:D:94A:UN::SG4;SG04;REL;M;1;NAD;M;1;PCD;C;1
SUPMAN:D:94A:UN::SG5;SG05;EMP;M;1;PCD;C;1;CUX;C;1;NAD;C;9;SG6;C;9
SUPMAN:D:94A:UN::SG6;SG06;MOA;M;1;PAT;C;1;DTM;C;1
SUPMAN:D:94A:UN::SG7;SG07;GIS;M;1;DTM;C;1
SUPMAN:D:94A:UN::SG8;SG08;MEM;M;1;SG9;C;9;SG10;C;99
SUPMAN:D:94A:UN::SG9;SG09;ATT;M;1;PCD;C;1
